Restaurant ID,Cuisine
6317637,French
6317637,Japanese
6317637,Desserts
6304287,Japanese
6300002,Seafood
6300002,Asian
6300002,Filipino
6300002,Indian
6318506,Japanese
6318506,Sushi
6314302,Japanese
6314302,Korean
18189371,Chinese
6300781,Asian
6300781,European
6301290,Seafood
6301290,Filipino
6301290,Asian
6301290,European
6300010,European
6300010,Asian
6300010,Indian
6314987,Filipino
6309903,Filipino
6309903,Mexican
6309455,American
6309455,Ice Cream
6309455,Desserts
6318433,Filipino
6318433,Mexican
6310470,Filipino
6314605,Korean
18185059,Cafe
18185059,American
18185059,Italian
18185059,Filipino
18182702,Italian
18182702,Pizza
6318213,Filipino
18255654,Cafe
18255654,Korean
18255654,Desserts
6308205,Cafe
6308205,Bakery
6308205,American
6308205,Italian
6315438,Seafood
6315438,American
6315438,Mediterranean
6315438,Japanese
6310406,American
6310406,Asian
6310406,Italian
6310406,Seafood
6600681,Fast Food
6600681,French
6601005,Cafe
6600292,Bakery
6600441,Brazilian
6600970,Pizza
6600379,Japanese
6600214,Arabian
6601218,Japanese
6600060,Brazilian
6600060,Cafe
6600083,Italian
6601515,Pizza
6601361,Bar Food
6601361,Brazilian
6601602,Mexican
6601602,Grill
6601589,International
6601862,Peruvian
6601862,Latin American
6601595,American
6601595,Grill
6601158,Seafood
6600427,International
6600116,Italian
6601457,American
6601457,Burger
7303219,Seafood
7303219,Bar Food
7303219,Brazilian
7304307,Desserts
7304307,Cafe
7301215,Juices
7301215,Healthy Food
7300596,Beverages
7300596,Bar Food
7300596,Fast Food
7300612,Lebanese
7300704,Burger
7300955,Brazilian
7300955,Bar Food
7300521,Brazilian
7300521,Healthy Food
7300521,Juices
7300521,Pizza
7300515,Brazilian
7300515,Bar Food
7300483,Brazilian
7301064,Brazilian
7304312,Italian
7300004,Japanese
7300868,Bakery
7300868,Sandwich
7300868,Brazilian
7302637,Brazilian
7302140,Brazilian
7302140,Seafood
7305048,Bar Food
7305048,Brazilian
7302898,Brazilian
7302859,Brazilian
7302859,Bar Food
7301700,Brazilian
7301700,Bar Food
6706313,Italian
6706313,Pizza
6704326,Steak
6704326,BBQ
6711179,Indian
6702797,Brazilian
6700475,Beverages
6700475,International
6713413,French
6713413,Brazilian
6713413,Beverages
6714340,Brazilian
6714340,Grill
6710645,Brazilian
6700402,French
6700846,Sushi
6700846,Japanese
6702159,BBQ
6702159,Grill
6702159,Brazilian
6711666,Sushi
6701257,Gourmet Fast Food
6701257,Burger
6706211,Brazilian
6706211,Italian
6705858,Italian
6701419,Brazilian
6701419,Mineira
6703956,Brazilian
6709580,Brazilian
6709580,North Eastern
6703176,Brazilian
6703176,Bar Food
6703176,Beverages
6713772,Lebanese
6713772,Arabian
17284404,BBQ
17284404,Burger
17284404,Seafood
17284203,American
17284203,BBQ
17284105,Unspecified
17284302,Mexican
17284397,Coffee and Tea
17284397,Sandwich
17284211,Unspecified
17284094,Fast Food
17284409,Asian
17284409,Chinese
17284409,Vegetarian
17284139,Pizza
17284139,Bar Food
17284139,Sandwich
17284403,Steak
17284403,Tapas
17284403,Bar Food
17284145,Chinese
17284145,Seafood
17284145,Vegetarian
17284150,Chinese
17284158,Unspecified
17284175,American
17284175,Burger
17284175,Sandwich
17284179,American
17284179,Steak
17284197,Japanese
17284197,Steak
17284197,Sushi
17284241,Japanese
17284241,Steak
17284241,Sushi
17284390,Seafood
17284390,Tapas
17284390,Bar Food
17284279,Italian
17284279,Pizza
17284364,American
17284364,Breakfast
17284364,Diner
16611114,Bar Food
16611114,Steak
17293281,American
17293281,Southern
17293281,Southwestern
17293301,Southern
17293409,Mexican
17293163,Japanese
17293163,Korean
17293228,Breakfast
17293228,Burger
17293228,Sandwich
17293880,Breakfast
17293880,Sandwich
17293169,American
17293169,Burger
17293169,Sandwich
17293186,American
17293186,Italian
17293186,Pizza
17293180,American
17293180,Italian
17293180,Pizza
17293205,American
17293229,International
17293229,Southern
17293229,Vegetarian
17293897,Sandwich
17293273,Italian
17293870,Asian
17293870,Japanese
17293870,Sushi
17293877,Mexican
17293877,Spanish
17293890,International
17293890,Southern
17293915,Bar Food
17293422,Italian
17293422,Pizza
17293422,Sandwich
17293873,Burger
17293873,Bar Food
17294014,Desserts
17294014,Latin American
17294014,Argentine
17294556,Chinese
17294556,Steak
17294607,American
17294607,Caribbean
17294607,Seafood
17294279,International
17294279,Tapas
17294279,Vegetarian
17294300,Desserts
17294300,Sandwich
17294300,Southern
17295215,American
17295215,Burger
17295028,Breakfast
17295028,French
17294642,BBQ
17295109,American
17294441,Desserts
17294441,Italian
17294441,Pizza
17294552,Italian
17294552,Pizza
17294552,Sandwich
17294565,Mexican
17294623,Bar Food
17294623,Sandwich
17294623,Seafood
17294712,Mexican
17294712,Southwestern
17294712,Sushi
17295033,Steak
17295069,Indian
17294261,German
17295115,Vietnamese
17294836,Burger
17294836,Seafood
17294850,Thai
17294883,Mexican
16608864,Modern Australian
16604911,Pizza
16604911,Bar Food
17303465,American
17303465,Bar Food
17303642,Italian
17303642,Pizza
17303670,Breakfast
17303670,Sandwich
17303545,American
17303545,Seafood
17303545,Steak
17303655,European
17303655,Spanish
17304691,Latin American
17304691,Steak
17303478,American
17303478,Burger
17303478,Sandwich
17303480,American
17303480,Bar Food
17304733,American
17304733,Burger
17303646,Pizza
17304929,American
17304929,Burger
17303684,Pizza
17303772,Mexican
17305123,Italian
17305123,Seafood
17305123,Vegetarian
17303787,Sushi
17303787,Thai
17303990,Japanese
17303990,Sushi
17303990,Teriyaki
17304741,Breakfast
17304726,Brazilian
17304486,American
17304486,BBQ
17304486,Steak
17304533,American
17316233,American
17316233,Mediterranean
17316233,Seafood
17315883,Italian
17315883,Pizza
17315995,Mexican
17316018,American
17316018,Breakfast
17316018,Burger
17316038,American
17316038,BBQ
17316038,Burger
17316771,Indian
17316201,Chinese
17316201,Sushi
17316201,Thai
17316208,Chinese
17316389,American
17316389,Italian
17316389,Pizza
17316278,Indian
17316744,Burger
17316751,American
17316751,Breakfast
17316751,Burger
17316766,Breakfast
17316766,Diner
17316743,American
17316743,International
17316743,Sushi
17316374,Pizza
17316381,International
17316802,American
17316802,Breakfast
17316416,Mediterranean
17316416,Tapas
17316416,Vegetarian
17316449,BBQ
17316603,Pizza
17316603,Sandwich
16659169,Japanese
16659169,Sushi
17558684,American
17558684,Breakfast
17558684,Desserts
18366580,Asian
18366580,Japanese
17330755,Asian
17330755,Vietnamese
17330611,American
17330611,Seafood
17330611,Cajun
17330609,American
17330024,Burger
17330024,Bar Food
17330024,Southern
17330074,Pizza
17330074,Bar Food
17330185,Japanese
17330185,Steak
17330397,Breakfast
17330397,Diner
17330397,Southern
17330735,Japanese
17330735,Steak
17330735,Sushi
17330676,Japanese
17330676,Sushi
17330676,Thai
17330048,Seafood
17330048,Steak
17330048,Vegetarian
17330604,Steak
17330087,Chinese
17330137,BBQ
17330137,Southern
17330155,Italian
17330155,Pizza
17330309,Pizza
17330311,American
17330311,Tapas
17330615,Asian
17330615,Chinese
17330638,American
17330628,Italian
17330628,Mediterranean
17330628,Pizza
17330546,American
17330546,Seafood
17330546,Steak
16643459,Chinese
16643459,Canadian
17334434,American
17334434,BBQ
17334434,Southern
17334348,Desserts
17334348,Sandwich
17334213,BBQ
17334355,Mexican
17334355,Tex-Mex
17334212,BBQ
17334212,Breakfast
17334212,Southern
17333797,American
17334217,Japanese
17334217,Sushi
17334273,Mexican
17334254,Italian
17333836,American
17333836,Burger
17334197,Fast Food
17333882,Mexican
17334211,American
17334211,Japanese
17334211,Sushi
17334390,Japanese
17334034,Thai
17334414,Desserts
17334414,Sandwich
17334082,BBQ
17334364,American
17334364,Diner
17334364,Southern
17334398,American
17334398,BBQ
17334398,Southern
17334219,Italian
17334219,Pizza
17335173,Indian
17335173,Mediterranean
17335173,Middle Eastern
17335195,Sushi
17335195,Teriyaki
17335225,Burger
17335225,Pizza
17335219,American
17335219,Breakfast
17335219,Greek
17334965,Italian
17335189,American
17335189,Breakfast
17335156,Asian
17334717,Fast Food
17334752,American
17334752,French
18453427,American
18453427,Bar Food
18453427,BBQ
17793744,Mexican
17334679,Mexican
17334718,Chinese
17334763,Thai
17335158,American
17334782,American
17334846,Mexican
17334853,American
17335168,Japanese
17335168,Sushi
17334958,American
17334958,BBQ
17334958,Steak
17258496,BBQ
17258496,Burger
17258496,Desserts
17259395,American
17259395,Coffee and Tea
17258350,BBQ
17258350,Caribbean
17258350,Cajun
17258136,Asian
17258136,Sushi
17258136,Thai
17258522,Asian
17258522,Chinese
17259958,Latin American
17259958,Mexican
17258036,Italian
17258036,Pizza
17259368,Chinese
17259368,Pizza
17257684,Asian
17257684,Vegetarian
17257684,Vietnamese
17257684,Bubble Tea
17258154,American
17258154,Pizza
17258154,Bar Food
17259340,French
17259243,Japanese
17259243,Sushi
17259625,Burger
17259625,Desserts
17259625,Vegetarian
17259169,American
17259169,Italian
17259166,Chinese
17259335,Breakfast
17259335,Mexican
17259335,Southwestern
17259248,American
17259248,BBQ
17258552,American
17258552,Breakfast
17259550,Latin American
17259200,Seafood
17259200,Sushi
16615894,Coffee and Tea
16615894,Tea
16615894,Modern Australian
17342816,Breakfast
17342498,Seafood
17342648,Mexican
17342781,American
17342781,BBQ
17342781,Seafood
17342799,Italian
17342772,American
17342772,Burger
17342772,Sandwich
17342771,Mexican
17342548,Desserts
17342548,Pizza
17342548,Ice Cream
17342556,American
17342556,Burger
17342811,Japanese
17342811,Steak
17342811,Sushi
17342576,American
17342576,Burger
17342770,International
17342770,Pizza
17342585,Mexican
17342494,Breakfast
17342494,Pizza
17342594,American
17342594,Italian
17342625,American
17342652,Italian
17342652,Pizza
17342665,American
17342665,Breakfast
17342665,Burger
17342810,American
17342810,Burger
17342810,Pizza
17342810,Cafe
17342775,American
17342775,Seafood
17342775,Steak
16612028,Cafe
17536645,Mexican
16613507,Tea
16613507,Modern Australian
16607969,Cafe
16607969,Australian
17374405,American
17374405,Sandwich
17374405,Seafood
17375060,BBQ
17375060,Burger
17375060,Seafood
17375164,American
17375164,Burger
17375164,Cajun
17374552,Unspecified
17375078,BBQ
17375049,Chinese
17375049,Japanese
17375049,Thai
17375077,Bar Food
17375077,Seafood
17375077,Vegetarian
17375141,Seafood
17375198,American
17375198,Southern
17375180,BBQ
17375180,Sandwich
17375072,Sandwich
17375072,Seafood
17375072,Cajun
17375047,Thai
17375074,BBQ
17374921,American
17374921,European
17374921,Sandwich
17374819,Southern
17375089,American
17375089,Southern
17375214,German
17374951,German
17374951,Ice Cream
17374978,Burger
17374978,German
17374978,Sandwich
17375104,Italian
17375104,Pizza
17375104,Sandwich
16604358,Cafe
16604358,Coffee and Tea
16604358,Modern Australian
16604896,Italian
16604896,Fusion
16604896,Cafe
16612550,Breakfast
16612550,Modern Australian
16606299,Burger
16606299,Coffee and Tea
16606299,Modern Australian
16605794,Breakfast
16605794,Coffee and Tea
17557488,Burger
17557488,Desserts
17557488,Sandwich
17452342,Thai
16611498,Breakfast
16611498,Coffee and Tea
17842104,Cafe
17501291,Coffee and Tea
17501291,Cuban
17501291,Latin American
17500759,Pizza
17500759,Sandwich
17500767,Seafood
17500819,Chinese
17500819,Thai
17500911,Burger
17500911,Desserts
17500911,Bar Food
17501439,Unspecified
17501279,American
17501279,Seafood
17500695,Steak
17501298,Desserts
17501298,Greek
17501298,Sandwich
17500847,European
17500847,Italian
17500847,Mediterranean
17500872,Greek
17500872,Mediterranean
17500872,Vegetarian
17501315,American
17501315,Chinese
17501315,Sushi
17501201,Italian
17501247,Japanese
17501247,Sushi
17501247,Thai
17501281,Pizza
17501281,Sandwich
17501281,Vegetarian
17501143,Mexican
17501292,American
17501292,Greek
17501292,Seafood
17501308,BBQ
17501301,Japanese
17501301,Sushi
17501301,Thai
17501268,Japanese
17501268,Steak
17501268,Sushi
16611701,Asian
17482142,Breakfast
17482142,Burger
16609169,Bar Food
16609169,Modern Australian
17606621,Unspecified
17687832,Italian
17687832,Pizza
16613059,Coffee and Tea
16613059,Modern Australian
17534788,American
17534788,International
17534788,Southwestern
17061237,Spanish
17061237,Tapas
17057397,Hawaiian
17058534,American
17058534,Sandwich
17058534,Salad
17060320,Irish
17057925,New American
17057925,Tapas
17060869,Brazilian
17060869,Steak
17057591,Caribbean
17059541,Italian
17064266,Asian
17064266,Thai
17064405,Asian
17064405,Latin American
17064405,Vegetarian
17060516,American
17059012,German
17061296,American
17061296,Sandwich
17061296,Tea
17061205,American
17061205,BBQ
17061205,Sandwich
17064031,Cajun
17066603,Southern
17066603,Cajun
17066603,Soul Food
17057797,Mediterranean
17057797,Turkish
17061253,American
17061253,Breakfast
17061253,Vegetarian
17059060,Unspecified
17061231,Pub Food
16613649,Mediterranean
16613649,Seafood
18255631,Modern Australian
16608483,Cafe
16608483,Coffee and Tea
16608483,Sandwich
17580453,Mexican
17580453,Southwestern
17580453,Tex-Mex
17580142,Burger
17580142,Bar Food
17580142,Steak
17580160,Italian
17580160,Pizza
17580160,Sandwich
17580349,Asian
17580349,Vietnamese
17580412,Italian
17580412,Pizza
17580412,Seafood
17580590,Tapas
17580704,Burger
17580704,Bar Food
17579928,Latin American
17579928,Mexican
17579928,Southwestern
17579992,Seafood
17579992,Sushi
17580030,European
17580030,International
17580030,Tapas
17580074,Japanese
17580074,Sushi
17580020,American
17580020,Seafood
17580020,Sushi
17580350,Italian
17580350,Mediterranean
17580350,Pizza
17580408,Seafood
17579653,Caribbean
17579653,Seafood
17579653,Steak
17580476,Breakfast
17580476,Burger
17580422,Burger
17580422,Sandwich
17580422,Seafood
17580539,Caribbean
17580539,Seafood
17580511,Greek
17580021,Sandwich
17580021,Seafood
17580021,Cajun
16604370,Breakfast
16604370,Coffee and Tea
16604370,Modern Australian
17582467,Burger
17582467,Fast Food
17582668,American
17582668,BBQ
17582668,Steak
17582498,Asian
17582498,Thai
17582499,Pizza
17582499,Bar Food
17582522,Italian
17582522,Pizza
17582522,Sandwich
17582524,American
17582524,Breakfast
17582527,Chinese
17582551,Coffee and Tea
17582551,Sandwich
17582558,Pizza
17582558,Sandwich
17582560,American
17582560,Greek
17582677,Burger
17582677,Pizza
17582677,Sandwich
17582670,American
17582670,Pizza
17582625,American
17582625,Seafood
17582625,Steak
17582627,Mexican
17582700,Asian
17582700,Sushi
17582700,Vegetarian
17582664,Indian
17582664,International
17582664,Vegetarian
17582682,Desserts
17582682,Thai
17582669,New American
18491935,Indian
18491935,Persian
17582546,Mexican
17629582,American
17629582,BBQ
17629582,Burger
17211719,Seafood
17144717,Seafood
17143970,American
17143970,Pizza
17143970,Bar Food
17142698,Unspecified
17144991,Seafood
17142519,American
17142519,Hawaiian
17145408,Burger
17143336,Japanese
17143336,Seafood
17143336,Sushi
17145077,Asian
17141447,Asian
17141447,Breakfast
17141447,Hawaiian
17142096,Breakfast
17142096,Burger
17142297,Hawaiian
17142297,Seafood
17142297,Steak
17142535,Hawaiian
17142535,Seafood
17142535,Steak
17142792,Hawaiian
17142792,Seafood
17145495,Japanese
17143950,American
17143950,Asian
17143950,Burger
17142747,American
17141990,Hawaiian
17141990,Seafood
17141990,Steak
17144732,Breakfast
17143282,Asian
17143282,European
17143282,Seafood
17143705,American
17143705,Breakfast
17143705,Hawaiian
17615915,Southern
17616487,Burger
17615924,Desserts
17615924,Sandwich
17615924,Ice Cream
17615979,American
17615979,Southern
17616266,International
17616266,Mediterranean
17616266,Sandwich
17615976,American
17615976,Bar Food
17615976,Sandwich
17616025,American
17616025,Seafood
17616025,Steak
17615597,American
17615597,Breakfast
17615740,American
17615740,Bar Food
17616203,Breakfast
17616203,Vegetarian
17616590,American
17616590,Breakfast
17615855,Breakfast
17615855,Cajun
17616348,Breakfast
17616348,Diner
17616348,Sandwich
17616368,Coffee and Tea
17616368,Desserts
17616400,Pizza
17616400,Seafood
17616400,Steak
17616076,Cafe
17616076,Sandwich
17616076,Southern
17616205,American
17616205,Seafood
17616205,Southern
17616222,American
17616295,Seafood
17616465,Unspecified
18483372,Chinese
18483372,Continental
18483372,Singaporean
18484349,American
18484349,Steak
18496057,French
18496057,Mediterranean
18496057,European
18483389,American
18483222,French
18483085,French
18484423,Bakery
18483714,Italian
18485469,Italian
18485469,French
18485469,Bakery
18485469,Cafe
18479690,American
18479690,Japanese
18479690,Singaporean
18483224,Cafe
18493989,Singaporean
18493989,Chinese
18493989,Seafood
18493989,Malay
18493989,Indian
18484464,Asian
18484464,Continental
18484464,Seafood
18483051,Chinese
18483051,Seafood
18483051,Cantonese
18483051,Dim Sum
18482983,Singaporean
18482983,Australian
18482983,German
18479742,Western
18479742,Fusion
18479742,Fast Food
18482938,American
18482938,Mexican
18483082,American
18483082,Bakery
18483082,European
18483082,Burger
18483082,Fusion
18483446,Finger Food
18483252,Cafe
18483252,Spanish
18483252,Turkish
18483252,Greek
17621616,Burger
17621616,Seafood
17621616,Steak
17621696,American
17621696,Pizza
17621696,Bar Food
17621744,Asian
17621744,Vegetarian
17621744,Vietnamese
17621759,BBQ
17621763,Japanese
17621763,Sushi
17621780,Asian
17621780,Chinese
17621781,Chinese
17621788,Pizza
17621793,Burger
17621796,American
17621796,Desserts
17621796,Diner
17621831,American
17621832,American
17621832,Fast Food
17621833,American
17621833,Seafood
17621833,Steak
17621834,Mexican
17621869,Caribbean
17621869,Mexican
17621869,Cajun
17621960,Japanese
17621960,Steak
17621960,Sushi
17621746,Asian
17621746,Thai
17621746,Vegetarian
17621755,Pizza
17621946,Italian
17621552,American
17621552,Seafood
17621552,Steak
17096140,BBQ
17096140,Caribbean
17096140,Seafood
17099925,Latin American
17099925,Mexican
17099925,Southwestern
17092257,American
17092257,Italian
17092257,Seafood
17092799,Spanish
17092799,Tapas
17095222,British
17095222,Bar Food
17095222,Sandwich
17092293,American
17092293,Desserts
17092293,Steak
17102241,Breakfast
17102579,International
17092801,Breakfast
17092801,Spanish
17092801,Tapas
17093273,American
17093273,Burger
17096198,American
17096198,Seafood
17096198,Steak
17095098,Italian
17095098,Deli
17093135,Sandwich
17093135,Seafood
17093135,Steak
17095236,European
17095236,German
17095979,Breakfast
17095979,Mexican
17099856,Desserts
17099856,Bar Food
17100307,International
17100307,Italian
17100307,Southern
17093600,Mexican
17093600,Vegetarian
17100547,Seafood
17100547,Steak
17093124,Cuban
17093124,Spanish
16608059,Modern Australian
16608059,Australian
16605194,Australian
17678243,Bar Food
17678043,Mexican
17677978,Seafood
17677978,Southern
17677988,Burger
17677988,Seafood
17677988,Steak
17678231,Asian
17678231,Chinese
17678231,Thai
17677990,Pizza
17677990,Sandwich
17677991,Burger
17677991,Bar Food
17677991,Vegetarian
17678307,Fast Food
17678307,Seafood
17678276,American
17678283,Mexican
17678222,American
17678222,Southern
17678055,Greek
17678055,Italian
17678326,Mexican
17678229,Japanese
17678229,Sushi
17678097,Italian
17678216,Japanese
17678216,Steak
17678216,Sushi
17678233,Indian
17678233,Middle Eastern
17678148,Mexican
17678291,Southern
17678218,BBQ
17558738,Coffee and Tea
17558738,Mediterranean
16608209,Coffee and Tea
16608209,Tapas
16608209,Australian
16654702,Italian
16654702,Mediterranean
16654702,Pizza
17697444,Indian
17697444,Middle Eastern
17696871,Italian
17696871,Pizza
17696871,Vegetarian
17696891,Desserts
17696901,Chinese
17697384,Asian
17697384,Chinese
17697417,American
17697417,Breakfast
17696918,American
17696918,Italian
17696918,Seafood
17696920,Burger
17696920,Pizza
17696920,Sandwich
17697398,Japanese
17697398,Sushi
17697406,Coffee and Tea
17697406,Desserts
17697406,Beverages
17696941,Sandwich
17696941,Sushi
17696941,Tapas
17696955,American
17696955,BBQ
17696955,Steak
17696957,Pizza
17696957,Sandwich
17697418,Mexican
17697386,American
17697224,Chinese
17697304,Mexican
17697389,American
17697389,Bar Food
17697424,Thai
17697332,Japanese
17697332,Steak
17697332,Sushi
17694056,Burger
17694056,Greek
17694056,Sandwich
17559793,Burger
17559793,Seafood
17559793,Steak
16668008,Asian
18212135,American
5704255,American
5701978,Italian
5701978,Pizza
5701729,Turkish
5701729,Arabian
5701729,Middle Eastern
5704168,Fast Food
5704168,Burger
18277098,Asian
5701446,Italian
5701446,Pizza
5700052,Thai
5700052,Japanese
5700052,Chinese
5700052,Indonesian
5700052,Vietnamese
5702418,Indian
5702418,North Indian
5702418,Mughlai
5702418,Biryani
5700386,Indian
5700386,South Indian
5704202,Filipino
5704202,Japanese
5704202,Asian
5701052,American
5701052,Mexican
5701052,Seafood
5704118,Pakistani
5704118,Afghani
5704118,Indian
5704118,Hyderabadi
5701548,Lebanese
5701548,Arabian
5701548,Middle Eastern
18235425,Indian
5702615,Indian
5702615,North Indian
5702615,Chinese
5703500,Indian
5703500,North Indian
18253896,Indian
5701917,Chinese
5702574,American
5702574,Desserts
202321,Mediterranean
202321,Italian
202321,Thai
202321,European
206488,Indian
206488,Rajasthani
209654,Indian
18340881,Indian
18340881,North Indian
18233284,International
18233284,Indian
18269368,Continental
18269368,Indian
18254160,Indian
208939,Indian
208939,Continental
201531,American
201531,Burger
208965,Cafe
208778,Fast Food
208778,Burger
209703,Asian
209703,Chinese
18381837,Indian
18381837,North Indian
18381837,Street Food
208850,Indian
210134,Indian
210134,Asian
201044,Seafood
201044,American
201340,American
201340,Desserts
18289126,Cafe
18289126,Burger
202507,American
202507,Mexican
202507,Burger
210139,Goan
210139,Chinese
210139,Indian
210139,North Indian
5600424,Indian
5600424,North Indian
5600424,South Indian
5600424,Chinese
5602751,South Indian
5600457,Indian
5600457,Mughlai
5600457,South Indian
5600457,Biryani
5600642,Indian
5600642,North Indian
5600642,Chinese
18268134,Lebanese
18376208,Fast Food
18376208,American
5600959,Pakistani
5600959,Indian
5600103,Pakistani
5600103,Indian
5600103,Mughlai
5602586,Pakistani
5602586,Chinese
5602586,Indian
5602586,Afghani
5600961,Fast Food
5600961,Pizza
5600960,Bakery
5600960,Arabian
5600960,Middle Eastern
5601340,Arabian
5601340,Middle Eastern
5600701,African
5600701,Portuguese
5601404,Chinese
5601404,Thai
5600556,American
5600556,Mexican
5602055,Indian
5602055,North Indian
5601521,American
5601521,Mexican
5601521,Burger
5602377,Cafe
5602377,Bakery
5602377,Desserts
5602884,Fast Food
5602884,Burger
5602942,Cafe
3400025,North Indian
3400025,Mughlai
3400341,North Indian
3400341,Mughlai
3400005,North Indian
3400021,Rajasthani
3400017,North Indian
3400017,Chinese
3400017,Mughlai
3400325,North Indian
3400325,European
3400059,North Indian
3400059,Mughlai
3400060,Mughlai
3400348,Rajasthani
3400348,Gujarati
3400348,Mughlai
3400072,North Indian
3400072,Mughlai
3400073,North Indian
3400073,Chinese
3400073,Continental
3400019,South Indian
3400019,Desserts
3400033,North Indian
3400033,Chinese
3400033,Continental
3400033,Mughlai
3400346,Cafe
3400346,North Indian
3400346,Chinese
3400350,North Indian
3400350,Chinese
3400350,Continental
3400391,Cafe
3400391,Italian
3400391,Mexican
3400391,North Indian
3400391,Continental
3400016,North Indian
3400016,Mughlai
3400105,Italian
3400105,Pizza
3400326,Chinese
3400326,Italian
3400326,Continental
3400326,North Indian
3400392,North Indian
3400392,Fast Food
111895,Chinese
111895,Italian
111895,North Indian
111895,Mexican
111895,Mediterranean
111895,Thai
110502,Continental
110502,Chinese
110502,North Indian
18396250,Ice Cream
18396250,Desserts
18396250,Continental
113702,North Indian
113702,Continental
113702,Mexican
113702,Italian
113433,Pizza
113433,Italian
113433,Beverages
113433,Desserts
18438909,Pizza
18438909,Italian
18143128,Cafe
18143128,Continental
18143128,Desserts
18438944,North Indian
18438944,Cafe
18438944,Italian
18438944,Mexican
18438944,Continental
110436,North Indian
110436,South Indian
110436,Asian
110436,Continental
18385201,Desserts
18385201,Ice Cream
110395,Fast Food
110395,Street Food
110395,South Indian
18335583,North Indian
18335583,Chinese
18335583,Continental
110237,North Indian
110237,Chinese
110237,Continental
110237,Desserts
110237,Fast Food
110237,Sandwich
113537,Italian
113537,Fast Food
113703,Cafe
113703,Beverages
113703,Desserts
113703,Pizza
18385186,Cafe
18385186,Italian
113325,North Indian
113325,Continental
113325,Beverages
113325,Italian
113325,Burger
113325,Healthy Food
113325,Mediterranean
111826,Continental
111826,Italian
111826,Chinese
110516,North Indian
110516,Italian
110516,Asian
110516,South Indian
18371341,Cafe
18371341,American
18371341,Continental
18371341,Armenian
18371341,Fast Food
113570,Continental
2400020,North Indian
2400020,South Indian
2400020,Fast Food
2400148,Cafe
2400148,Fast Food
2400019,North Indian
2400019,Street Food
2400019,Fast Food
2400193,North Indian
2400193,Chinese
2400027,North Indian
2400027,Chinese
17960073,North Indian
17960073,South Indian
17960073,Chinese
2400119,American
2400119,Fast Food
2400014,Fast Food
2400403,North Indian
2400403,Mughlai
2400349,Italian
2400349,Pizza
2400279,Fast Food
2400279,American
2400279,Salad
2400279,Healthy Food
2400017,North Indian
2400017,Chinese
18317988,North Indian
18317988,Chinese
18317988,Italian
2400144,South Indian
2400144,Chinese
2400195,Continental
2400195,Italian
2400052,North Indian
2400016,North Indian
2400016,Fast Food
2400293,Desserts
2400293,Fast Food
2400009,South Indian
2400009,North Indian
2400009,Chinese
2400009,Continental
2400010,Mughlai
2400010,North Indian
2400010,Chinese
2200011,North Indian
2200011,Chinese
2200078,North Indian
18204507,Beverages
2200030,North Indian
2200030,Mughlai
2200201,Street Food
2200067,North Indian
2200358,Cafe
2200358,Bakery
2200358,Fast Food
2200001,North Indian
2200001,Mughlai
2200001,Chinese
2200033,Fast Food
2200033,Italian
2200283,North Indian
2200283,Chinese
2200045,North Indian
2200045,Street Food
2200149,North Indian
2200149,South Indian
2200149,Chinese
2200149,Fast Food
2200043,North Indian
2200043,Fast Food
2200044,North Indian
2200044,Fast Food
2200132,North Indian
2200236,North Indian
2200175,Mithai
2200000,North Indian
2200055,North Indian
2200034,North Indian
2200153,Fast Food
2500023,North Indian
2500023,Chinese
2500023,Continental
2500023,Italian
2500076,Italian
2500076,Continental
2500076,Chinese
2500076,North Indian
2500054,North Indian
2500054,Chinese
2500134,Pizza
2500069,North Indian
2500069,South Indian
2500256,South Indian
2500256,North Indian
2500256,Chinese
2500256,Fast Food
2500024,North Indian
2500024,Chinese
2500024,Continental
2500024,Italian
2500024,Mexican
2500075,Italian
2500075,Fast Food
2500075,North Indian
2500075,Chinese
2500029,North Indian
2500079,Continental
2500079,Chinese
2500079,Biryani
2500079,North Indian
2500343,Juices
2500343,Desserts
2500052,South Indian
2500052,Chinese
2500052,North Indian
2500062,Mughlai
2500062,Biryani
2500056,Maharashtrian
2500030,North Indian
2500390,Cafe
2500390,Mughlai
2500390,North Indian
2500007,Mughlai
2500123,North Indian
2500123,Mughlai
2500122,North Indian
2500122,Chinese
2500122,South Indian
2500122,Fast Food
2500346,North Indian
2500346,Hyderabadi
50943,North Indian
50943,Mughlai
58268,Asian
51705,Italian
51705,American
51705,Pizza
18162866,European
18162866,Continental
18407918,Modern Indian
56464,Bakery
56464,Desserts
56464,Cafe
18221572,Pizza
18221572,Cafe
18221572,Italian
18359919,Pizza
18359919,Cafe
18359919,Italian
18439634,Continental
18439634,American
18439634,Italian
18439634,North Indian
18439634,Chinese
18439634,Cafe
51040,American
51040,Burger
51040,Cafe
54162,North Indian
54162,European
54162,Mediterranean
18305628,North Indian
18305628,Chinese
18305628,Italian
18305628,Street Food
18305628,Desserts
18385443,Continental
18385443,American
56618,European
56618,Mediterranean
56618,North Indian
18353121,Asian
18353121,Mediterranean
18353121,North Indian
18366652,Pizza
18366652,Cafe
18366652,Italian
18430785,Continental
58882,Finger Food
58882,North Indian
58882,Italian
58882,Continental
58882,Thai
58882,South Indian
18422898,Continental
18422898,Italian
18422898,North Indian
18339874,Modern Indian
2600472,Cafe
2600472,Chinese
2600472,North Indian
2600514,Cafe
2600109,Fast Food
2600311,North Indian
2600311,Chinese
2600008,Fast Food
2600031,North Indian
2600031,Chinese
2600250,Chinese
2600025,Pizza
2600494,Cafe
2600494,Fast Food
18108352,Bakery
2600079,North Indian
2600079,Chinese
2600079,South Indian
2600079,Fast Food
2600340,Pizza
2600340,Italian
2600340,Fast Food
18461339,Fast Food
18461339,Mexican
18461339,Tex-Mex
2600010,Fast Food
2600230,North Indian
2600230,South Indian
2600230,Street Food
2600230,Bakery
2600003,North Indian
2600003,South Indian
2600003,Street Food
2600003,Bakery
2600303,North Indian
2600180,South Indian
2600393,Italian
2600393,Mexican
2600393,Chinese
2600007,Fast Food
2900587,Cafe
2900354,Chinese
2900633,Mediterranean
2900633,Asian
2900633,Continental
2900633,North Indian
2900633,Arabian
18408676,Cafe
18408676,Charcoal Grill
18408676,Steak
2900234,Fast Food
2900234,North Indian
2900234,Chinese
2900550,Chinese
18362677,North Indian
18362677,Asian
18362677,European
2900044,Cafe
2900044,Italian
2900044,Mexican
2900044,Bakery
2900469,North Indian
2900469,Chinese
2900219,North Indian
2900219,Chinese
2900219,Mexican
2900219,Beverages
2900473,Chinese
2900473,North Indian
2900473,Cafe
2900020,Mughlai
2900020,Chinese
2900020,North Indian
2900562,Cafe
2900562,Chinese
2900562,Fast Food
2900562,Seafood
18413814,North Indian
18413814,Chinese
18413814,Continental
18235390,Cafe
2900640,Italian
2900640,Cafe
2900640,Chinese
2900640,Continental
18271459,North Indian
18271459,Rajasthani
18377283,Cafe
18377283,Tea
18408600,Chinese
18408600,North Indian
2900012,Chinese
18436042,Asian
18436042,Continental
122003,North Indian
122003,Chinese
122003,Continental
122003,Pizza
121552,American
121552,Cafe
121214,Mexican
121214,American
121214,Italian
121553,Japanese
121553,Chinese
121553,Thai
121553,Malaysian
121553,Burmese
121553,Asian
121312,Continental
121312,Italian
121312,Thai
121312,Finger Food
121335,North Indian
121335,Continental
121335,Asian
120014,North Indian
120014,Chinese
123125,American
123125,Tex-Mex
120221,North Indian
122064,North Indian
122064,Chinese
122064,Continental
122064,Italian
122064,Burger
120203,Bakery
120203,Desserts
120203,Cafe
120219,Cafe
120219,Bakery
121425,Burger
121425,Fast Food
121425,Desserts
121425,Beverages
123010,Mexican
123010,Fast Food
123294,Mughlai
123294,North Indian
121120,Italian
122940,Burger
122940,Fast Food
122830,Desserts
122830,American
69024,European
69024,Italian
69024,Desserts
72475,North Indian
72475,Chinese
72475,Arabian
70431,Continental
70431,Cafe
70431,Italian
70431,Desserts
71443,North Indian
71443,Mughlai
71443,Chinese
71443,South Indian
73088,Mexican
73088,American
73088,Tex-Mex
73088,Burger
18423075,Cafe
18423075,European
70890,Italian
71492,Cafe
71492,Continental
70092,Italian
70092,Mexican
70092,Chinese
70092,Thai
70092,North Indian
70393,North Indian
70894,South Indian
70894,Chettinad
73279,Biryani
73279,North Indian
69951,European
69951,Cafe
69951,Italian
72497,North Indian
72497,Mughlai
72497,Chinese
72497,South Indian
65413,North Indian
65413,Mughlai
65413,Chinese
65413,South Indian
70497,Continental
70497,Cafe
70497,Spanish
70497,Italian
70497,European
70497,Greek
70497,Mediterranean
65055,North Indian
65055,Continental
18384227,North Indian
18384227,European
18384227,Mediterranean
72604,North Indian
72604,Mediterranean
72604,Asian
72604,Arabian
66457,North Indian
66457,Chinese
18260777,Cafe
18260777,Continental
18260777,Fast Food
3000107,South Indian
3000107,Chettinad
3000107,North Indian
3000132,Cafe
3000122,Pizza
3001032,Fast Food
3000021,Chinese
18434000,Continental
18434000,Fast Food
18434000,Desserts
18434000,Indian
3000195,South Indian
3000195,Biryani
3000126,Continental
3000126,Chinese
3000126,Thai
3000126,Malaysian
3000126,North Indian
18280306,North Indian
18280306,Continental
3001489,Parsi
3001489,North Indian
3000770,Cafe
3000770,Fast Food
3000062,North Indian
3000062,Chinese
3000062,Italian
3000062,Mexican
3000016,Italian
3000016,North Indian
3000016,Desserts
3000014,South Indian
3000014,North Indian
3000014,Chinese
3000001,North Indian
3000001,Biryani
3001321,Bakery
3001321,Desserts
3000996,North Indian
3000996,Chinese
3000996,Street Food
3001065,Desserts
3001065,Ice Cream
3000048,North Indian
3000048,European
3000048,Mediterranean
3500012,North Indian
3500012,Chinese
3500007,South Indian
3500007,North Indian
3500007,Chinese
3500017,Desserts
3500017,North Indian
3500017,Chinese
3500017,South Indian
3500017,Fast Food
3500017,Street Food
3500018,North Indian
3500018,Chinese
3500018,Continental
3500011,Chinese
3500011,Thai
3500011,Tibetan
18416632,North Indian
18279289,Chinese
18279289,North Indian
18279289,Fast Food
18408585,Mughlai
18408585,North Indian
3500059,North Indian
3500059,Chinese
3500081,Cafe
17971273,Bakery
3500365,Cafe
3500365,Chinese
3500013,Burger
3500013,Desserts
3500024,North Indian
3500024,Mughlai
3500488,Cafe
3500505,North Indian
3500505,Mediterranean
3500505,Asian
3500505,Chinese
3500010,North Indian
3500010,Chinese
3500414,Cafe
3500414,Chinese
3500414,Fast Food
18440677,Cafe
18440677,Mexican
3500484,Cafe
301728,Chinese
301728,Fast Food
301728,Bakery
5992,North Indian
5992,Chinese
301730,North Indian
301729,North Indian
301731,Bakery
311053,Chinese
311053,North Indian
311053,Fast Food
9299,Mithai
9178,North Indian
18477319,North Indian
18477319,Mughlai
18477319,Chinese
18433852,Cafe
304046,Fast Food
304046,North Indian
309936,Raw Meats
309936,North Indian
309936,Fast Food
309927,Fast Food
309927,Chinese
18377449,North Indian
18465871,North Indian
18465871,Chinese
18472646,North Indian
18037826,North Indian
18037826,Mughlai
301163,Fast Food
301163,Burger
4931,North Indian
4931,South Indian
4931,Gujarati
4931,Rajasthani
1804,Chinese
1804,Thai
312102,Burger
312102,Desserts
312102,Fast Food
18217857,Cafe
18217857,Desserts
18471268,Desserts
18381244,Fast Food
18408041,American
18408041,Fast Food
18408041,Salad
18408041,Healthy Food
311051,American
311051,Fast Food
311051,Burger
18133510,North Indian
308380,Chinese
6077,Ice Cream
6077,Desserts
308082,Fast Food
309558,South Indian
309558,North Indian
309558,Chinese
8128,North Indian
8128,Mughlai
304062,South Indian
9785,Desserts
9785,Ice Cream
312514,Fast Food
308961,North Indian
308961,Chinese
308963,Cafe
308962,North Indian
308962,Mughlai
308962,Chinese
8169,Mithai
309368,North Indian
309368,Chinese
309368,Continental
18472429,North Indian
18472418,North Indian
18472418,Mughlai
18472426,Mughlai
18450934,North Indian
18450934,Chinese
6025,Bakery
6013,Cafe
8153,Cafe
8153,Chinese
8153,Fast Food
18471296,Fast Food
18471296,Beverages
18279477,North Indian
18279477,Chinese
18359331,Fast Food
18359331,Chinese
18359331,Italian
301151,Bakery
18204479,North Indian
2198,North Indian
2198,Chinese
18434243,Ice Cream
18434243,Desserts
18273628,North Indian
18471262,North Indian
18471262,Mughlai
18471262,Chinese
18258480,North Indian
18258480,Mughlai
18258480,Chinese
9698,Chinese
8326,North Indian
8326,Chinese
18270379,North Indian
18270379,Mughlai
304006,Bakery
308957,North Indian
308957,Chinese
308957,Italian
18427216,North Indian
18427216,Chinese
18433315,North Indian
18433315,Chinese
8266,Fast Food
18383469,North Indian
18383469,Chinese
1367,North Indian
1367,South Indian
1367,Chinese
1367,Fast Food
1367,Mithai
9650,Cafe
308335,Pizza
18391065,North Indian
18391065,Chinese
18391065,Fast Food
301193,Bakery
18107832,North Indian
18107832,South Indian
18107832,Fast Food
18107832,Street Food
18107832,Mithai
18089254,Fast Food
18089254,Beverages
312981,Bakery
18082235,Chinese
18082235,Fast Food
18138421,Fast Food
18138421,Desserts
18138421,Ice Cream
18138421,Beverages
18421965,Cafe
18421965,North Indian
18421965,Chinese
18421965,Continental
303267,Fast Food
303267,North Indian
7471,Italian
18219542,Bakery
18219542,Fast Food
18355112,Burger
18355112,Fast Food
18270895,Cafe
18270895,American
18270895,Mexican
18270895,Italian
18270895,Thai
18313839,Bakery
5005,North Indian
1820,Raw Meats
1820,North Indian
1820,Chinese
1820,Fast Food
3863,Ice Cream
3863,Desserts
9814,Raw Meats
9814,North Indian
9814,Fast Food
18474912,Fast Food
18161568,Juices
18161568,Beverages
18416829,Beverages
18400756,North Indian
18400756,Mughlai
18400756,Chinese
301177,Bakery
301177,Fast Food
6161,Bakery
6161,Fast Food
2565,Fast Food
2565,Bakery
3866,American
3866,Fast Food
3866,Salad
3866,Healthy Food
18250288,Cafe
18250288,Italian
18250288,Mexican
18250288,Continental
1430,North Indian
18393702,Ice Cream
6152,Chinese
6152,Fast Food
306962,North Indian
18445360,North Indian
18445360,Chinese
18445360,Continental
6150,North Indian
18421024,North Indian
18421024,Chinese
18421024,Continental
18471260,North Indian
18367316,Cafe
18367316,Chinese
18466931,North Indian
18466420,Chinese
18466420,North Indian
18464607,Chinese
18464631,Chinese
301170,North Indian
18466939,Chinese
18380180,North Indian
18380180,Chinese
18466407,Fast Food
304001,Chinese
304001,North Indian
8319,North Indian
8319,Mughlai
8319,Chinese
303871,North Indian
303871,Chinese
8321,North Indian
8321,Mughlai
8321,Chinese
311047,Chinese
8320,North Indian
8308,Mithai
18303717,Cafe
304004,Chinese
304004,North Indian
18472625,Cafe
18420432,North Indian
18420432,Chinese
9824,North Indian
9824,Mughlai
8029,Mithai
8029,Street Food
312788,Street Food
309672,Street Food
309672,South Indian
309672,Mithai
18359861,Bakery
18359861,Fast Food
18439547,North Indian
18241538,Mithai
18241538,North Indian
18452730,Ice Cream
18452730,Desserts
18452730,Beverages
18317486,North Indian
18317486,Fast Food
18432933,North Indian
18432933,Mughlai
18432933,Chinese
18452267,Asian
18466980,North Indian
18469937,Street Food
18469937,Fast Food
18466937,North Indian
18466937,Seafood
18433879,Cafe
18369105,Cafe
18369105,Italian
18369105,Salad
18133473,Fast Food
18133473,Chinese
18458540,Street Food
18458540,Fast Food
18482753,North Indian
8167,Fast Food
18463990,Cafe
18353030,Chinese
18353030,Fast Food
18420465,North Indian
18420465,Chinese
18420465,Italian
18420465,Fast Food
309656,Raw Meats
309656,North Indian
309656,Fast Food
305235,Chinese
309654,North Indian
18480389,Desserts
18446428,North Indian
4462,Bakery
4462,Desserts
18469962,North Indian
18469962,Chinese
18380284,Italian
1414,Mithai
1414,North Indian
1414,South Indian
1414,Chinese
1414,Fast Food
304112,South Indian
304112,North Indian
304112,Chinese
18472443,Mithai
18472443,Street Food
18472443,Fast Food
18456807,North Indian
18456807,Mughlai
18456807,Chinese
18471284,Mughlai
18471328,Fast Food
18471328,Beverages
18204478,North Indian
18204478,Mughlai
18204478,Chinese
18444264,North Indian
18444264,Mughlai
18444264,Chinese
9224,Bakery
9224,Desserts
8054,Bakery
8054,Desserts
304114,North Indian
304114,Mughlai
1413,North Indian
1413,Chinese
1715,Raw Meats
1715,Fast Food
4464,North Indian
4464,Chinese
5010,North Indian
301127,Chinese
301127,Fast Food
9233,Mithai
9233,Street Food
18471246,Biryani
18446082,North Indian
18446082,Chinese
18396398,North Indian
18396398,South Indian
18396398,Chinese
18396398,Fast Food
18471244,Chinese
18471244,Fast Food
18367078,Chinese
18469976,Bakery
18469976,Fast Food
18381643,Mithai
18381643,Street Food
18471327,North Indian
18471327,Mughlai
18469936,North Indian
18469936,Chinese
18433895,North Indian
18433895,Mughlai
18433895,Chinese
313089,North Indian
18349251,Italian
18349251,North Indian
18344478,North Indian
18344478,Chinese
18089775,Raw Meats
18089775,Fast Food
18424179,North Indian
18424179,Chinese
309632,Pizza
309632,Fast Food
312874,Raw Meats
312874,North Indian
312874,Fast Food
18107870,North Indian
18107870,Mughlai
18237362,Italian
18237362,Fast Food
18277177,Mithai
18277177,South Indian
18277177,Chinese
18277177,Street Food
18345740,North Indian
18345740,Chinese
18345740,Mughlai
18472651,Fast Food
313076,North Indian
313076,South Indian
313076,Chinese
18380159,North Indian
18377907,Bakery
18292444,Chinese
18292444,North Indian
307084,Fast Food
307084,Chinese
305618,North Indian
305618,Mughlai
307803,Bakery
18419654,South Indian
18471285,Raw Meats
18471285,Fast Food
18471285,North Indian
313040,North Indian
313040,South Indian
313040,Chinese
313040,Fast Food
17982346,Bakery
18204501,North Indian
18204501,Chinese
1823,Mithai
6143,Mithai
6143,Bakery
6143,Street Food
6143,Chinese
6143,South Indian
8297,Mithai
8297,Street Food
8318,North Indian
18458631,North Indian
18458631,Chinese
18382355,Pizza
18382355,Fast Food
312842,North Indian
312842,Chinese
312842,Fast Food
312084,North Indian
312084,Chinese
312084,Continental
18247033,North Indian
18247033,Chinese
18126118,Pizza
18429393,North Indian
18429393,Chinese
18241905,North Indian
18241905,Chinese
18241905,Raw Meats
18425750,North Indian
18425750,Chinese
18261694,Bakery
18261694,Fast Food
18365998,North Indian
18365998,Mughlai
18365998,Chinese
18273572,North Indian
18273572,Chinese
18273572,Mughlai
18363078,Mughlai
18356019,Bakery
18356019,Fast Food
312688,Bakery
312688,Desserts
18381668,Chinese
18287397,North Indian
18294253,Bakery
18471304,Fast Food
8026,Mithai
8026,Street Food
8026,Chinese
18265697,North Indian
18265697,Chinese
18265697,Mughlai
307151,North Indian
307151,Chinese
18107844,Fast Food
18107844,Beverages
18337896,Fast Food
18337896,Pizza
18261699,North Indian
18261699,Chinese
18261699,South Indian
18306531,North Indian
303571,North Indian
303571,Chinese
8099,North Indian
8099,Chinese
8099,South Indian
8099,Fast Food
18477428,Bakery
8037,Mithai
8037,Street Food
18471308,Fast Food
18471308,Chinese
18471308,Burger
18471318,Italian
18471320,Fast Food
18460293,Mediterranean
18446418,North Indian
18446418,Mughlai
9496,Mithai
9496,Street Food
312967,South Indian
312967,Chinese
312967,North Indian
18449815,North Indian
18449815,Mughlai
18449815,Continental
2680,Bakery
2680,Desserts
2679,Finger Food
8417,North Indian
8417,Continental
8417,Chinese
309757,North Indian
307903,Bakery
313502,North Indian
18409175,Fast Food
18409175,Cafe
18409175,Desserts
18409175,Bakery
18456342,North Indian
18244229,Ice Cream
300713,North Indian
300713,Chinese
8623,Cafe
1318,Ice Cream
311523,Burger
311523,Fast Food
8590,Cafe
8583,Chinese
300756,North Indian
300756,Chinese
300756,Continental
4239,Cafe
18168161,Pizza
18168161,Fast Food
18381223,South Indian
18034077,North Indian
18034077,Mughlai
3824,Chinese
2572,Fast Food
2572,Burger
8595,Fast Food
309702,Burger
309702,Desserts
309702,Fast Food
8601,North Indian
8601,South Indian
8601,Chinese
8601,Street Food
8601,Fast Food
8601,Mithai
8601,Desserts
1683,North Indian
1683,Mughlai
301670,North Indian
301670,Fast Food
17953902,South Indian
17953902,North Indian
17953902,Chinese
130409,Italian
130409,French
130409,Cafe
130275,Fast Food
130332,Finger Food
130230,Continental
130230,North Indian
130230,Italian
130230,Seafood
130230,Goan
16519268,Seafood
16519268,French
16512186,North Indian
16512186,Chinese
16512186,Continental
16512186,Goan
16512186,Seafood
16512333,North Indian
16512333,Continental
16512333,Chinese
16512333,Seafood
16512336,North Indian
16512336,Continental
16512336,Goan
16519168,Goan
16519168,Seafood
16519168,Chinese
16519168,North Indian
130021,Italian
130021,Continental
130021,Goan
130567,North Indian
130567,Continental
130567,Goan
130008,Goan
130008,North Indian
130008,Chinese
16519267,Goan
16519267,Seafood
16519267,Chinese
130535,Continental
130535,Goan
130535,Seafood
130535,North Indian
130699,Finger Food
16512168,Goan
16512168,Seafood
16512168,North Indian
130888,Seafood
130888,Continental
130888,European
130888,German
16519231,Cafe
16541849,Continental
16541849,Goan
16541849,Seafood
16541849,North Indian
18022206,Seafood
18396451,Cafe
18396451,Beverages
18237941,North Indian
18237941,Mughlai
2787,North Indian
2787,Mughlai
3431,South Indian
3431,Seafood
3431,Kerala
303699,Bakery
5915,Ice Cream
7076,Chinese
311866,Fast Food
300439,Japanese
300439,Thai
300439,Chinese
18458334,Pizza
18458334,Desserts
18353710,Raw Meats
18353710,Fast Food
18291229,South Indian
18291229,Chinese
18291229,Mughlai
18398616,Fast Food
18398616,North Indian
18430561,North Indian
18430561,Chinese
18445248,North Indian
18445248,South Indian
18445248,Chinese
18313132,Cafe
18433874,Raw Meats
18291231,Mithai
18291231,North Indian
18477541,North Indian
18477541,Chinese
18477541,Fast Food
18352271,North Indian
18291233,North Indian
18291233,Chinese
18441809,South Indian
18441809,Street Food
18349508,North Indian
18349508,Chinese
18217127,North Indian
18217127,Chinese
18471335,North Indian
18458335,North Indian
18458335,Mughlai
18458335,Seafood
18429842,Fast Food
5904,Japanese
5876,North Indian
5876,Chinese
5876,Continental
872,Bakery
872,Fast Food
18365849,Biryani
227,Pizza
227,Fast Food
3446,Ice Cream
3446,Desserts
300100,Italian
300100,Pizza
300100,Lebanese
8597,Lebanese
3449,American
3449,Fast Food
3449,Salad
3449,Healthy Food
303749,Chinese
303749,Thai
303749,North Indian
303749,Japanese
18349898,North Indian
18349892,North Indian
18349892,Fast Food
18425752,Cafe
18425752,Tea
7507,North Indian
7507,Asian
7507,Continental
300490,Finger Food
300488,Continental
300488,North Indian
300488,Chinese
18306521,Chinese
18306521,Italian
18306521,North Indian
309090,North Indian
309090,Chinese
309090,Italian
309090,Continental
18441709,Chinese
18441709,North Indian
18441709,Italian
18441707,Chinese
18441707,North Indian
18441707,Italian
304832,Cafe
304832,Belgian
311297,Kashmiri
303858,Finger Food
303858,Continental
303858,Italian
302288,North Indian
302288,Mughlai
302288,Chinese
302288,Seafood
18233573,Chinese
18233573,Thai
18233573,Sushi
309015,Continental
309015,North Indian
309015,Chinese
309015,Italian
18382344,Mediterranean
18382344,Continental
18254537,Continental
18254537,European
18254537,Asian
18254537,North Indian
18254537,Chinese
18254537,Italian
4358,North Indian
4358,Continental
4358,Chinese
2443,South American
270,North Indian
270,Mughlai
270,Chinese
309252,American
309252,Mexican
18303709,Asian
18303709,Burmese
18409224,Persian
18409224,Arabian
18409224,Lebanese
18409224,North Indian
18277179,Chinese
18277179,Japanese
18277179,Sushi
308570,Cafe
308570,Italian
308570,Pizza
308263,Cafe
308263,Bakery
306133,Pizza
306133,Italian
306142,Tea
306142,Fast Food
308609,Ice Cream
308609,Desserts
18383453,North Indian
18383453,Chinese
18383453,Italian
305478,Burger
305478,Desserts
305478,Fast Food
308357,Steak
308357,American
306128,Italian
308020,Desserts
308020,Beverages
309883,North Indian
306132,Bengali
306132,Seafood
306956,Mediterranean
306956,Italian
306956,European
305862,Healthy Food
305862,Salad
307309,Continental
307309,Italian
306131,Cafe
306131,Desserts
306127,Chinese
306127,Japanese
306127,Thai
306127,Asian
313149,North Indian
313149,Thai
313149,Continental
306001,Cafe
308016,Mediterranean
308016,European
308016,American
308016,North Indian
18336509,Mexican
18336509,Fast Food
18336176,Continental
18336176,Italian
18383472,Bakery
18383472,Cafe
18292448,Burger
18292448,Fast Food
306134,Italian
306134,European
306946,Continental
306946,American
306946,Italian
306946,Seafood
306946,North Indian
306946,Cafe
18289242,Continental
18289242,American
18289242,Asian
18289242,North Indian
18277030,Cafe
18277030,Bakery
18277030,Desserts
306153,North Indian
308022,Modern Indian
305905,Mediterranean
305905,Mexican
305905,North Indian
305905,American
18245277,Pizza
18245277,Fast Food
305670,North Indian
305670,Mughlai
305815,Portuguese
305815,African
18208920,American
18208920,Italian
18208920,Chinese
306046,Parsi
306046,Iranian
18381226,North Indian
18381226,Continental
18381226,Asian
4992,North Indian
4992,Continental
300749,Cafe
300749,Tea
278,Chinese
225,Pizza
225,Fast Food
18337929,European
18337929,Continental
5960,Finger Food
1664,North Indian
1664,Chinese
1664,Fast Food
157,American
157,Fast Food
157,Salad
157,Healthy Food
18235155,Burger
18235155,Fast Food
310211,Street Food
3346,North Indian
3346,Mughlai
310854,Street Food
310854,Fast Food
310854,North Indian
18247015,Chinese
309387,Pizza
309387,Fast Food
7418,Bakery
7418,Desserts
7418,Fast Food
1455,Mughlai
1455,North Indian
18241867,Cafe
18241867,Italian
18241867,Fast Food
308889,Continental
308889,North Indian
4620,Bakery
4620,Fast Food
18322666,Beverages
18322666,Salad
311718,Chinese
18255106,Finger Food
18255106,North Indian
18255106,Italian
18255106,European
18255106,Continental
4876,Cafe
631,Cafe
226,Pizza
226,Fast Food
8805,Italian
3540,Fast Food
3540,Burger
311579,North Indian
303709,Italian
303709,Pizza
303709,Fast Food
18391156,Bakery
18391156,Desserts
18391156,Fast Food
301319,Bakery
301319,Desserts
301319,Beverages
158,American
158,Fast Food
158,Salad
158,Healthy Food
1360,Biryani
1360,North Indian
310737,North Indian
310737,Continental
310737,Chinese
310737,Japanese
310737,Italian
310737,Thai
4762,Chinese
4762,Thai
311736,Ice Cream
311116,American
311116,Fast Food
311116,Burger
3483,Burmese
3483,Chinese
3483,Thai
18308025,Beverages
18308025,Juices
307272,North Indian
307272,Chinese
307272,Fast Food
18025115,Bakery
18454285,Chinese
18454285,Mexican
18454285,Fast Food
18454285,Continental
1687,North Indian
1687,Mughlai
308605,Kashmiri
18422652,Mughlai
18131568,North Indian
18131568,Mughlai
18034048,Chinese
18034048,North Indian
18138457,North Indian
18138457,Mughlai
18138457,Fast Food
313272,Biryani
313272,North Indian
9778,American
9778,Fast Food
9778,Salad
9778,Healthy Food
312523,Bakery
18424575,Continental
18424575,Fast Food
18204463,Continental
18204463,Italian
18204463,Pizza
18204463,Asian
307627,Chinese
307627,Thai
307627,Asian
307627,Malaysian
307627,Vietnamese
307627,Japanese
301302,Bakery
301302,Desserts
312995,Biryani
312995,Mughlai
308577,American
308577,Fast Food
313376,Healthy Food
313376,Salad
312536,Healthy Food
312536,Salad
310385,Japanese
310385,Sushi
18464003,Fast Food
18349915,Cafe
18349915,Tea
18299228,Chinese
18034074,Fast Food
18034074,Chinese
311080,North Indian
311080,Chinese
311080,Italian
18462603,Street Food
18462603,Chinese
18462603,North Indian
18481295,North Indian
18472765,North Indian
18472765,Chinese
18472765,Continental
18499452,Healthy Food
18500652,North Indian
18361580,Street Food
18417487,Chinese
18417487,North Indian
18462605,Mughlai
18462609,Fast Food
18462609,North Indian
18462609,Beverages
3565,North Indian
3565,Chinese
3565,Fast Food
18367364,South Indian
1028,North Indian
1028,Chinese
308673,Mithai
308673,Street Food
308673,North Indian
18383473,Mughlai
18444416,Fast Food
18444416,Street Food
18444416,Beverages
18161609,Cafe
611,Cafe
18322677,Cafe
18322677,Street Food
18204847,Bakery
308044,Bakery
308044,Desserts
308044,Fast Food
18294819,Bakery
18294819,Desserts
309697,Bakery
309697,Desserts
18444353,Bakery
304185,North Indian
304185,Chinese
18383489,South Indian
18383489,North Indian
312022,Bakery
18425765,North Indian
2827,North Indian
2827,Chinese
18223957,Street Food
18492107,Chinese
18492107,North Indian
300074,Street Food
305096,North Indian
305096,South Indian
18336206,North Indian
303094,South Indian
303094,North Indian
303094,Chinese
306858,North Indian
306858,Chinese
312562,North Indian
312562,Chinese
307935,Fast Food
307935,Chinese
302184,North Indian
1694,Chinese
1694,North Indian
309541,North Indian
309541,Chinese
309541,Continental
18161587,North Indian
18161587,Mughlai
18161587,Chinese
18258475,North Indian
18258475,Chinese
313209,Fast Food
313209,North Indian
302229,Street Food
302229,Mithai
18441196,North Indian
18441196,Greek
18441196,Mughlai
18398610,Continental
18398610,North Indian
18398610,Chinese
18237322,Fast Food
309696,North Indian
309696,Mughlai
309696,Chinese
18357544,Biryani
18357544,North Indian
18431563,Fast Food
18431563,Beverages
18337747,North Indian
18337747,Chinese
18258477,Fast Food
18258477,Pizza
18396189,Fast Food
18396189,Beverages
6915,North Indian
6915,Biryani
6915,Fast Food
6915,Chinese
18233576,North Indian
18233576,Mughlai
18256890,Chinese
18256890,North Indian
18256890,South Indian
18384115,Mexican
18384115,American
18384115,Healthy Food
18352208,Bakery
4171,Burger
4171,Fast Food
4171,Chinese
18238279,Chinese
18238279,Thai
18286517,North Indian
18286517,Chinese
575,Biryani
575,North Indian
575,Mughlai
18280305,North Indian
18280305,Chinese
18359286,North Indian
18359286,Mughlai
18359286,Chinese
18450609,South Indian
18237324,North Indian
18461214,Italian
18461214,Lebanese
18461214,Fast Food
18461214,Bakery
18294226,North Indian
18383513,Mediterranean
18383513,Mughlai
18383513,Thai
18383513,North Indian
18383513,Chinese
18372311,Continental
18372311,North Indian
18372311,Asian
4172,North Indian
4172,South Indian
4172,Chinese
310525,North Indian
310525,Mughlai
310525,Chinese
300054,Bakery
301278,North Indian
18451182,Healthy Food
18451182,Juices
18451182,Salad
18451182,Italian
18451182,Continental
18384142,Beverages
18384142,Salad
18241498,Healthy Food
18241498,North Indian
18241498,Continental
18265384,Juices
18265384,Beverages
18265384,Healthy Food
311494,North Indian
7078,Kashmiri
307185,Biryani
307185,Lucknowi
307185,North Indian
18371404,Italian
18371404,Pizza
18281982,Japanese
18281982,Tibetan
18281982,Vietnamese
18281982,Korean
311725,Continental
311725,Burger
311725,American
18365994,North Indian
18365994,Mughlai
18365994,Biryani
18254524,Awadhi
18254524,North Indian
18254524,Mughlai
18070480,Continental
18070480,North Indian
18070480,Chinese
312261,Fast Food
18433890,Asian
18433890,Chinese
18433890,North Indian
18138434,Italian
18138434,Fast Food
303100,North Indian
303100,Mughlai
18025125,Healthy Food
18025125,European
18025125,Continental
18025125,Salad
18425140,Burger
18425140,American
18425140,Fast Food
18241497,Cafe
18241497,Continental
18153541,Cafe
18153541,Continental
18153541,Italian
18153541,Pizza
18339049,North Indian
18339049,Mughlai
18232093,Chinese
18232093,Asian
18232093,Thai
18361762,North Indian
18361762,Mughlai
18025098,Fast Food
18025098,Italian
18025098,Pizza
18337913,American
18337913,Fast Food
18138446,Burger
18138446,Fast Food
18383447,Chinese
18383447,Thai
18383447,Asian
18381262,Bakery
18381262,Desserts
18349894,Bakery
18349894,Desserts
18349894,Fast Food
304552,Japanese
304552,Sushi
4618,Bakery
4618,Fast Food
307366,Cafe
18366026,North Indian
18366026,Mithai
18366026,Chinese
18366026,Street Food
9895,Italian
9895,Mexican
9895,Cafe
18453035,Greek
18453035,Mediterranean
302455,American
302455,European
302455,North Indian
308248,Bakery
308248,Desserts
308248,Beverages
313047,North Indian
313047,Street Food
313047,Beverages
8241,Continental
8241,North Indian
8241,European
8241,Finger Food
18341926,Cafe
18341926,Italian
18341926,European
18341926,Bakery
308023,Bakery
308023,Desserts
308023,Beverages
311486,Continental
311486,American
311486,Italian
18138430,Cafe
18138430,Italian
18138430,Bakery
18361778,North Indian
18361778,Asian
18361778,European
9742,North Indian
9742,Mughlai
7518,Pizza
7518,Italian
7516,European
7516,Italian
3586,Cafe
313264,Burger
313264,Fast Food
311805,North Indian
311805,Chinese
308897,American
308897,Fast Food
308897,Burger
2825,North Indian
9674,South Indian
9674,North Indian
9674,Chinese
18276997,Cafe
18336180,North Indian
18336180,Mughlai
311061,North Indian
311061,Chinese
311061,Continental
18312471,Bengali
18378048,North Indian
18462584,North Indian
18462584,Mughlai
18462584,Biryani
5019,Bakery
4719,North Indian
4719,Mughlai
305400,North Indian
305400,Chinese
305400,Continental
309141,North Indian
309141,Italian
309141,Mexican
302880,Mughlai
302880,North Indian
303960,Finger Food
303960,American
303960,Continental
303960,North Indian
303960,Italian
9773,Korean
9773,Japanese
9773,Chinese
9773,Asian
309125,Japanese
18463965,Continental
18463965,Finger Food
18463965,Chinese
18463965,North Indian
18408054,Mughlai
18408054,Hyderabadi
2091,North Indian
2091,Chinese
305790,North Indian
305790,Chinese
305790,Fast Food
3445,North Indian
3445,Chinese
312111,Chinese
312111,North Indian
2475,North Indian
2475,Chinese
18361772,Chinese
18361772,North Indian
18361772,Italian
18361772,Continental
308553,North Indian
308553,Mughlai
308553,Chinese
307043,Continental
307043,North Indian
307304,North Indian
307304,Chinese
18427868,American
18427868,Continental
18427868,Burger
2148,Italian
18450874,North Indian
18450874,Chinese
18450874,Thai
18408063,North Indian
18408063,Mughlai
18393697,Italian
8931,Japanese
8931,Chinese
8931,Asian
8931,Malaysian
8931,Thai
8931,Vietnamese
306880,Cafe
18408031,North Indian
18408031,Mughlai
18408031,Biryani
304897,Healthy Food
304897,Continental
309136,Chinese
307580,Burmese
307580,Chinese
307580,Japanese
307580,Malaysian
307580,Thai
18430557,North Indian
18430557,Continental
18430557,Italian
18441771,Seafood
18441771,Mediterranean
18460311,North Indian
18460311,Chinese
18161583,Tibetan
18161583,Nepalese
18237346,Kashmiri
18237346,Mughlai
311662,Pizza
311662,Mexican
311662,Chinese
311662,Italian
18430602,Continental
18430602,Healthy Food
5172,North Indian
5172,South Indian
5172,Street Food
5172,Mithai
6643,American
6643,Fast Food
6643,Salad
6643,Healthy Food
300978,South Indian
300978,Chinese
300978,North Indian
311640,North Indian
311640,Chinese
311629,North Indian
311629,Chinese
303430,North Indian
303430,Continental
303430,Chinese
303486,North Indian
303486,Chinese
309423,Finger Food
309421,North Indian
309421,Chinese
309421,Continental
308390,North Indian
308390,Mughlai
308473,Fast Food
308473,Burger
308997,Italian
308997,Pizza
308470,Burger
308470,Desserts
308470,Fast Food
308477,North Indian
308477,Mughlai
307786,Cafe
308447,Fast Food
17977796,Cafe
17977757,Drinks Only
4256,Fast Food
4256,North Indian
4256,Chinese
18306548,Fast Food
18306548,Street Food
5032,North Indian
5032,American
5032,Italian
7472,Japanese
302336,Asian
302336,Bakery
8413,Street Food
8437,Lucknowi
8019,Finger Food
307416,Finger Food
18369743,Italian
307533,Finger Food
307225,North Indian
307225,Continental
307225,Asian
307426,North Indian
307426,Finger Food
6700,North Indian
6700,Continental
6700,Chinese
300538,South Indian
4879,Cafe
18198441,Fast Food
18198441,Chinese
18198441,Bengali
18334445,North Indian
18334445,Chinese
18334445,Fast Food
302920,Cafe
18430882,Chinese
18430882,Thai
18430882,Japanese
18430882,Tibetan
313204,Continental
313204,Italian
313204,Mexican
303477,North Indian
303477,Chinese
303477,Mughlai
5230,Continental
5230,North Indian
5230,Mughlai
5230,Chinese
3582,Japanese
303470,North Indian
303470,Chinese
303470,Mughlai
429,North Indian
429,Mughlai
429,Chinese
18034040,North Indian
18034040,Chinese
17953932,Arabian
17953932,Lebanese
312668,Finger Food
997,Chinese
997,Asian
2144,Mughlai
2144,Pakistani
2144,North Indian
305682,Bakery
305682,Desserts
305682,Fast Food
17953934,Italian
17953934,Chinese
17953934,Continental
17953934,Thai
17953934,Mediterranean
17953934,Lebanese
3855,American
3855,Seafood
3855,Italian
3855,Japanese
3855,Thai
310445,Bakery
310445,Desserts
310445,Fast Food
892,Chinese
892,North Indian
892,South Indian
892,Street Food
2056,North Indian
2056,Chinese
307509,Bakery
797,Cafe
308013,Continental
308013,Asian
308013,North Indian
308013,Italian
2760,Finger Food
2760,Continental
2760,North Indian
2760,Italian
2760,Chinese
8913,North Indian
8913,Continental
8913,Mughlai
8913,Asian
311759,Cafe
18446889,Ice Cream
18446889,Desserts
9957,Fast Food
9957,Burger
308840,South Indian
308840,Chinese
18432226,Cafe
18432226,American
18432226,Desserts
18432226,Italian
18432226,Bakery
311777,Cafe
2064,North Indian
2064,Mughlai
311758,Thai
514,Cafe
18408212,Cafe
18408212,Italian
2061,Chinese
2458,Fast Food
2458,Burger
420,Gujarati
420,Rajasthani
1599,Street Food
1599,North Indian
159,American
159,Fast Food
159,Salad
159,Healthy Food
300119,Fast Food
18466924,Mughlai
18466924,North Indian
18354984,Burger
18354984,Desserts
18354984,Fast Food
1096,North Indian
1096,South Indian
1096,Chinese
1096,Street Food
1096,Fast Food
1096,Mithai
1096,Desserts
18336208,Beverages
3213,North Indian
3213,Mughlai
3213,South Indian
3213,Rajasthani
3213,Street Food
18381642,North Indian
18381642,Continental
18381642,Chinese
338,Pizza
338,Italian
1245,American
1245,Tex-Mex
18381233,European
18381233,American
18381233,Street Food
18153552,North Indian
18153552,Chinese
18153552,Continental
18082232,Pizza
3585,Continental
3585,European
3585,North Indian
305698,Biryani
305698,North Indian
18337917,Cafe
18337917,North Indian
6847,Cafe
8147,Lebanese
8147,North Indian
18198825,Biryani
302044,North Indian
18399220,North Indian
5084,North Indian
302024,North Indian
302024,Mughlai
302024,Chinese
18396399,Fast Food
309987,Raw Meats
309987,North Indian
309987,Fast Food
18358183,Fast Food
18358183,Chinese
304713,North Indian
18396200,North Indian
18396200,South Indian
18396200,Fast Food
18396200,Street Food
18396200,Mithai
301358,North Indian
301358,Chinese
6834,North Indian
6835,North Indian
302041,North Indian
302041,Mughlai
302041,South Indian
302041,Chinese
310412,Fast Food
310412,Chinese
18350120,Fast Food
18350120,Beverages
301989,North Indian
2107,North Indian
2107,South Indian
2107,Chinese
1029,North Indian
1029,Chinese
18144475,North Indian
18144475,Chinese
18331053,Mughlai
18331053,Chinese
18383525,North Indian
18383525,Mughlai
1019,Pizza
1019,Fast Food
18311926,North Indian
302037,North Indian
18396397,Street Food
302027,Bakery
302027,Desserts
302027,Fast Food
306938,Bakery
306938,Mithai
306938,Fast Food
17977759,North Indian
309986,North Indian
309986,Chinese
309986,Street Food
309986,Fast Food
301800,Bakery
301800,Fast Food
301800,Chinese
2177,Fast Food
304718,Chinese
310493,North Indian
310493,Mughlai
18017239,Ice Cream
18017239,Desserts
18372397,Bakery
304700,North Indian
18492087,South Indian
18492087,Biryani
18396391,North Indian
18370499,North Indian
18336543,Burger
18336543,Fast Food
18336543,Chinese
3603,Italian
3603,Pizza
3603,Fast Food
313043,Bakery
230,Pizza
230,Fast Food
18322641,Healthy Food
18322641,Juices
18322641,Salad
18322641,Italian
18322641,Continental
18391155,Korean
18285742,South Indian
18285742,North Indian
18285725,Italian
18285725,Pizza
18285725,Cafe
18383488,Burger
18383488,American
18383488,Fast Food
18285745,North Indian
18285745,Continental
18285745,Asian
18391159,Healthy Food
18391159,Beverages
18391132,Japanese
18391132,Chinese
18391132,Thai
18272387,Cafe
8651,Ice Cream
18291436,Street Food
18291436,North Indian
18291436,Mithai
301936,Fast Food
301936,Chinese
18264717,Cafe
18264717,Fast Food
7083,Bakery
7083,Street Food
312105,Bakery
18311942,Chinese
18311942,Fast Food
18430874,Desserts
18144481,North Indian
18144481,Chinese
18264977,Ice Cream
18264977,Desserts
303859,North Indian
303859,Chinese
5106,Street Food
5106,Mithai
5106,South Indian
5106,North Indian
5106,Chinese
308726,Mithai
308726,Street Food
308726,Chinese
303209,North Indian
18375401,Continental
18375401,Chinese
18375401,North Indian
18375401,Mughlai
18396428,North Indian
18396428,Mughlai
18396428,Chinese
18396178,North Indian
18396178,Mughlai
18346735,North Indian
18346735,Mughlai
18346735,South Indian
303697,Bakery
303697,Desserts
18463987,Bakery
18463987,Fast Food
18463989,Street Food
304771,Street Food
304771,Mithai
311850,Fast Food
18471289,North Indian
18471289,Street Food
18471289,Mithai
18324432,Chinese
18324432,North Indian
18476508,North Indian
18476508,Mughlai
18476508,Awadhi
18350153,North Indian
18350153,Chinese
18472669,Chinese
18472669,North Indian
18463993,Bakery
18463993,Fast Food
18476498,North Indian
18476498,Chinese
18471248,North Indian
18471248,Chinese
18471248,South Indian
18471248,Fast Food
18464002,Chinese
18464002,Fast Food
18478377,North Indian
18478377,South Indian
18478377,Chinese
18244261,North Indian
18244261,Mughlai
18244261,Chinese
18274332,Bakery
18274332,Desserts
18460280,Bakery
18460280,Desserts
18263500,North Indian
18463994,North Indian
18463994,Chinese
18449816,Pizza
18449816,Fast Food
309341,North Indian
18423904,North Indian
18423904,South Indian
18423904,Chinese
18462613,Biryani
18396180,North Indian
303865,Mithai
7096,North Indian
18463972,Street Food
18463996,North Indian
18463992,North Indian
18393708,North Indian
306037,Continental
306037,North Indian
306037,Chinese
5720,Continental
5720,Finger Food
5721,Bakery
5721,Desserts
1670,Continental
1670,American
1670,North Indian
1670,Chinese
7573,North Indian
7573,Mughlai
3243,Korean
3243,Chinese
305171,Bakery
305171,Desserts
305171,Fast Food
3536,Cafe
6743,Cafe
18458663,Cafe
312269,North Indian
312269,Mughlai
308732,North Indian
308732,Mughlai
6747,Pizza
6747,Fast Food
6804,Raw Meats
6804,North Indian
6804,Fast Food
301506,Bakery
301506,Beverages
1284,Bakery
1284,Fast Food
1313,American
1313,Fast Food
1313,Salad
1313,Healthy Food
301737,Mithai
301737,Street Food
18455518,Healthy Food
18455518,North Indian
18455518,Beverages
18398606,Burger
18398606,Fast Food
309030,Chinese
309030,Thai
3909,Biryani
3909,North Indian
4290,North Eastern
4290,Continental
4290,South Indian
4290,Fast Food
1452,Mithai
303779,North Indian
554,North Indian
554,South Indian
554,Chinese
554,Street Food
554,Fast Food
554,Mithai
554,Desserts
3953,Finger Food
18368009,North Indian
305242,North Indian
305242,Continental
18419914,North Indian
303730,Chinese
303730,Street Food
18462214,Bakery
309272,North Indian
309272,South Indian
309272,Chinese
18311957,North Indian
18311957,Chinese
18311957,Fast Food
18311957,Desserts
18218304,Burger
18218304,Fast Food
18252419,Fast Food
606,Cafe
18133490,Bakery
18133490,Desserts
18291476,Street Food
18291476,Bakery
2071,Bakery
2071,Desserts
18445653,Bakery
18445653,Desserts
18466800,Mexican
18466800,Lebanese
18466800,Italian
18466800,Continental
18466800,Thai
303743,North Indian
303743,Chinese
300174,Bakery
18461280,North Indian
6709,North Indian
6709,Chinese
18070491,Beverages
18070491,Fast Food
302907,Ice Cream
889,Ice Cream
18337904,Beverages
18415355,American
18415355,Fast Food
18415355,Burger
853,South Indian
853,North Indian
853,Chinese
853,Fast Food
2620,South Indian
2620,North Indian
310155,North Indian
310155,Chinese
5061,North Indian
5061,Continental
18460326,South Indian
18460326,Chinese
18471259,North Indian
18471259,Chinese
4122,Raw Meats
4122,Fast Food
1140,North Indian
1140,Chinese
1140,South Indian
1145,North Indian
887,Mithai
887,South Indian
887,Chinese
887,Street Food
887,North Indian
18461599,Healthy Food
18461599,Continental
18387990,Chinese
18387990,North Indian
9169,North Indian
5129,North Indian
5129,Chinese
1131,North Indian
1131,Mughlai
1131,Chinese
1131,South Indian
303747,North Indian
329,Biryani
329,North Indian
303765,North Indian
7225,North Indian
7225,Chinese
7225,Continental
18382626,Pizza
5068,South Indian
18500628,Chinese
18500628,Mughlai
18500628,North Indian
18268726,North Indian
18268726,Mughlai
6913,North Indian
6913,Mughlai
18398604,Bakery
300156,North Indian
18241516,Mughlai
311166,Street Food
311166,Mithai
311166,North Indian
311166,South Indian
311166,Chinese
18025110,North Indian
18025110,Chinese
18025110,Fast Food
308223,Chinese
308223,Fast Food
6832,North Indian
6832,South Indian
6832,Chinese
18286626,Bakery
18286626,Desserts
311770,Chinese
311770,North Indian
301221,North Indian
301221,Chinese
8833,North Indian
8833,Chinese
8833,Mughlai
312438,Mughlai
312438,North Indian
18153548,Bakery
18153548,Desserts
18153548,Fast Food
18449792,North Indian
18449792,Chinese
18449792,Continental
18380639,Chinese
18380639,Thai
17953920,Bakery
17953920,Fast Food
2154,Chinese
18384112,Continental
18384112,North Indian
18384112,Asian
9646,Oriya
18482069,Beverages
18451168,Chinese
18492042,Bakery
18492042,Chinese
18492042,North Indian
310632,North Indian
310632,Street Food
310632,Mithai
18481290,North Indian
18469972,Cafe
18342375,Biryani
18342375,Pizza
18342375,Fast Food
18342375,Healthy Food
310515,Raw Meats
310515,North Indian
310515,Chinese
18449658,North Indian
18396426,Chinese
18489522,North Indian
18489522,South Indian
18444299,North Indian
18444299,Chinese
18449785,North Indian
18449785,South Indian
18449785,Chinese
18449785,Fast Food
18449662,North Indian
18449662,South Indian
18449662,Chinese
18432664,North Indian
304793,Mithai
304793,Street Food
302256,North Indian
18312631,North Indian
18449666,North Indian
18396191,North Indian
18396191,Chinese
302251,Pizza
302251,Fast Food
18466943,Healthy Food
18466943,Beverages
18238248,Chinese
18420426,Italian
18420426,Mexican
18466973,Beverages
18446482,Pizza
18372325,Cafe
18291458,Bakery
18485789,Fast Food
313477,Bakery
18133515,Raw Meats
18133515,Fast Food
18312451,Ice Cream
18312606,North Indian
18144444,Mughlai
18144444,North Indian
18492641,Fast Food
18492641,Beverages
18463956,Mughlai
18365988,Biryani
18463970,Hyderabadi
18463970,North Indian
18463970,Biryani
309867,Mughlai
18412887,North Indian
18412887,Fast Food
18423107,Pizza
18423107,Fast Food
4121,Italian
4121,Pizza
4121,Fast Food
305072,North Indian
305072,Chinese
305072,Fast Food
18421938,Cafe
18481321,Bakery
18489829,Chinese
18489829,Fast Food
18489829,North Indian
18414487,Tea
18449656,Chinese
18449656,North Indian
313105,North Indian
313105,Chinese
300772,Chinese
836,North Indian
836,Mughlai
3606,South Indian
3606,North Indian
3606,Chinese
305996,North Indian
305996,Mughlai
18418247,North Indian
18418247,American
18418247,Asian
18418247,Biryani
18365987,Continental
18365987,North Indian
18365987,Chinese
18337894,Modern Indian
18337894,North Indian
4398,North Indian
4398,Mughlai
4398,Asian
4398,Continental
18336483,Continental
18336483,Italian
18336483,North Indian
18336483,American
496,Mithai
496,North Indian
496,South Indian
496,Fast Food
496,Street Food
496,Chinese
4133,Chinese
5065,Pizza
5065,Fast Food
313393,American
313393,Fast Food
5052,Chinese
5052,North Indian
5052,Mughlai
5052,Continental
18128900,Mexican
18128900,Italian
18128900,North Indian
18128900,Chinese
309339,Continental
309339,Chinese
309339,Thai
309339,Mughlai
309339,North Indian
5104,Fast Food
5104,Burger
18254529,Continental
18254529,North Indian
18254529,Chinese
18254529,European
18254529,Asian
17953909,North Indian
310203,Asian
310203,European
18238250,North Indian
18238250,Chinese
18238250,Continental
18238250,Thai
305272,Cafe
1851,North Indian
1851,Chinese
1851,South Indian
1851,Seafood
1851,Chettinad
18446415,Continental
18446415,Burger
18446415,Pizza
18446415,North Indian
18446415,European
18446415,Finger Food
18261703,Portuguese
18261703,African
18261703,Lebanese
18241517,North Indian
18241517,Italian
18241517,Chinese
18241517,American
18252386,Chinese
18252386,Continental
18252386,North Indian
18252386,Mexican
18281955,Asian
18281955,Seafood
4959,North Indian
4959,Chinese
4959,Italian
4959,Continental
18037822,Chinese
18037822,Thai
18037822,Asian
3575,Korean
18273972,Bihari
18273972,Lucknowi
18273972,North Indian
8430,Asian
8430,Thai
8430,Chinese
18157413,Continental
18157413,North Indian
18157413,Italian
18157413,Chinese
18422475,Japanese
18422475,Sushi
18435794,Continental
18435794,Italian
18435794,North Indian
18435794,Mughlai
18429166,North Indian
18429166,Italian
18429166,Parsi
18429166,Asian
18429166,Kerala
18264995,Healthy Food
18264995,Cafe
18264995,Desserts
18264995,Italian
18264995,Bakery
18025114,North Indian
18025114,Asian
18025114,Italian
310799,North Indian
306719,North Indian
306719,Chinese
306719,Mughlai
18285721,Burger
18285721,Fast Food
598,Cafe
300066,Bakery
300066,Fast Food
18396412,Beverages
18396412,Fast Food
18249121,Tea
18249121,Fast Food
18241877,North Indian
18241877,Mughlai
310461,North Indian
310461,Chinese
18385781,Desserts
18385781,Beverages
18360098,Street Food
300491,Raw Meats
300491,North Indian
300491,Fast Food
307678,North Indian
307678,Street Food
18352295,Fast Food
18352295,North Indian
18451594,North Indian
18451594,Biryani
18451594,Chinese
18391176,North Indian
313456,North Indian
313456,Fast Food
304518,North Indian
304518,Chinese
6896,Fast Food
6896,Chinese
18441701,Chinese
18441701,Tibetan
4154,North Indian
4154,Mughlai
18376925,Asian
18376925,Continental
18376925,Fast Food
2180,Bakery
2180,Desserts
18224532,North Indian
18224532,Chinese
18356357,Pizza
18356357,Italian
18175268,Healthy Food
18175268,Salad
18175268,Italian
18175268,Continental
5004,North Indian
5004,South Indian
5004,Street Food
5004,Mithai
308617,Bakery
304351,Fast Food
18354655,Fast Food
18354655,Chinese
18391141,Fast Food
18492062,North Indian
18492062,Chinese
18324806,Bakery
18354665,Bakery
309543,Biryani
309543,North Indian
309543,Hyderabadi
18419875,North Indian
18419875,Chinese
18358189,Fast Food
18352250,Afghani
18435789,Afghani
18435789,North Indian
308199,Mithai
308199,Street Food
18393717,Ice Cream
18458642,Fast Food
18458642,Chinese
18458635,Afghani
18447121,Chinese
18313136,Cafe
18358175,Cafe
18357944,North Indian
18357944,Fast Food
18384132,North Indian
18458643,North Indian
18458643,Chinese
18292436,Ice Cream
18345759,Chinese
18352657,Chinese
18458637,North Indian
18458637,Mithai
18458637,Chinese
18352655,Chinese
18352655,North Indian
18458641,Chinese
18458641,North Indian
304142,North Indian
304142,Fast Food
18433016,North Indian
18433016,Chinese
18433016,Fast Food
312683,Bakery
312683,Desserts
18037824,Chinese
18037824,Thai
303848,North Indian
303848,Chinese
303848,Fast Food
18273536,Cafe
18291450,Mithai
18291450,Street Food
18345780,Mughlai
18345780,North Indian
18303712,North Indian
18303712,Chinese
309021,Bakery
309021,Fast Food
306477,North Indian
306477,Chinese
306477,Mughlai
18303698,North Indian
18303698,South Indian
18303698,Street Food
18303698,Mithai
18381664,Mithai
18381664,North Indian
18381664,South Indian
18381664,Chinese
18161601,North Indian
18161601,Mughlai
18279913,Bakery
18279913,Desserts
18268733,North Indian
18268733,Chinese
18268733,Mughlai
18204811,North Indian
18204811,Chinese
18204811,Continental
18476542,North Indian
18279459,Bengali
18279459,North Indian
18409216,Burger
18409216,Fast Food
313408,North Indian
18345770,Chinese
18499475,Chinese
18034069,Raw Meats
18034069,Fast Food
18396431,North Indian
18396431,Fast Food
18396431,South Indian
18392211,North Indian
18291213,Mithai
18291213,Street Food
18350136,Biryani
310454,Bakery
310454,Desserts
18446413,North Indian
18499471,Mughlai
18499471,North Indian
18124387,North Indian
18124387,South Indian
18499459,North Indian
894,Chinese
894,North Indian
894,Mughlai
5079,Burger
5079,Fast Food
5079,Chinese
18289241,Continental
18352682,North Indian
18352658,Mithai
18352658,Street Food
18241896,Lebanese
18241896,Mediterranean
18241896,Middle Eastern
18241896,Arabian
18363062,North Indian
18363062,Chinese
18380197,Mediterranean
18472639,Bakery
18472639,Desserts
18351822,Chinese
18351822,North Indian
18351822,South Indian
18351822,Healthy Food
18388168,Fast Food
18388168,Burger
18472449,North Indian
18314053,Desserts
300654,North Indian
300654,Mughlai
300654,Chinese
18144467,North Indian
18332527,North Indian
18332527,Chinese
18332527,Street Food
18423797,North Indian
18265424,Ice Cream
18265424,Desserts
311534,Bakery
311534,Desserts
18124345,Raw Meats
18124345,Fast Food
5190,North Indian
5190,Mughlai
310235,North Indian
310235,South Indian
310235,Fast Food
18251519,Chinese
18251519,Fast Food
6764,North Indian
6764,Chinese
18345767,Chinese
313401,North Indian
313401,Chinese
307398,Chinese
309763,North Indian
309763,Chinese
18439540,North Indian
18439540,Chinese
5011,Fast Food
18265720,Chinese
18444356,Continental
18444356,North Indian
18419894,North Indian
18254541,Bengali
18254541,North Indian
18393709,North Indian
18421493,Mithai
18421493,Street Food
18464628,Cafe
18398590,Biryani
18476986,North Indian
18476986,South Indian
18476986,Chinese
18476986,Healthy Food
18476986,Bakery
312560,Bakery
312560,Desserts
18391166,North Indian
18391166,Chinese
18464624,Chinese
18464616,Chinese
18393725,Mughlai
18393725,North Indian
18393725,Chinese
18438453,North Indian
18365603,North Indian
18388039,Chinese
18495252,North Indian
18495252,South Indian
18421502,Ice Cream
18464630,North Indian
18335897,North Indian
18335897,Rajasthani
5935,Fast Food
5935,Street Food
18421476,Fast Food
305140,North Indian
18464618,North Indian
18464626,Bakery
18261727,Chinese
18319384,North Indian
306540,North Indian
306540,Mughlai
306540,Chinese
304524,Chinese
2087,Chinese
2087,Mughlai
2087,North Indian
18439516,Fast Food
5588,Chinese
311975,Lebanese
6897,Fast Food
313122,North Indian
313122,Chinese
306976,Ice Cream
308191,North Indian
308191,Biryani
18336484,North Indian
18336484,Mughlai
18336484,Chinese
312665,North Indian
18357570,Cafe
18357570,Fast Food
18357570,Chinese
310829,North Indian
310829,Mughlai
9852,Mithai
18357912,Bakery
311455,Mithai
311455,Street Food
18398839,Bakery
1920,Mithai
1920,Street Food
358,North Indian
358,Chinese
5080,Street Food
1655,Mithai
1655,North Indian
1655,Chinese
1655,Street Food
18397469,Desserts
18397469,Ice Cream
1654,North Indian
1654,Mughlai
18462602,North Indian
18479007,Bakery
18409187,Tea
18357945,Bakery
18357945,Fast Food
313085,Burger
313085,Fast Food
307502,North Indian
307502,Chinese
307502,Fast Food
18237318,Cafe
18237318,Tea
18336504,Tea
18336504,Fast Food
18277212,North Indian
18277212,Chinese
18277212,Fast Food
18411846,North Indian
18411846,Chinese
300938,Bakery
300938,Desserts
300938,Fast Food
309466,Burger
309466,Desserts
309466,Fast Food
303606,North Indian
18441175,North Indian
18441175,Chinese
18441175,Fast Food
18292438,North Indian
18292438,Mughlai
301383,North Indian
301383,Chinese
301383,Italian
310500,South Indian
310500,North Indian
310500,Chinese
6867,North Indian
301310,South Indian
301310,North Indian
301310,Chinese
18232128,North Indian
18232128,Street Food
18232128,Mithai
4820,North Indian
4820,Mithai
4820,Street Food
306883,American
306883,Fast Food
306883,Salad
306883,Healthy Food
4817,American
4817,Fast Food
4817,Salad
4817,Healthy Food
18423106,Bakery
18161567,Cafe
303003,Chinese
303003,Seafood
303003,Japanese
309033,North Indian
309033,Chinese
18258571,Chinese
18258571,North Indian
18258571,Mughlai
18322684,Italian
18261309,Healthy Food
18261309,Continental
18261309,North Indian
18261309,Salad
304192,Cafe
304192,Bakery
304192,Desserts
18381235,Pizza
18381235,Italian
18365865,Chinese
18365865,Asian
18282037,Healthy Food
18282037,North Indian
18415385,Asian
18180062,Italian
18180062,Chinese
18180062,Continental
18180062,Thai
18180062,Mediterranean
18180062,Lebanese
18368007,North Indian
18368007,Chinese
18368007,Fast Food
18383504,North Indian
18383504,Continental
17977749,Biryani
312684,Cafe
18303696,North Indian
18303696,Mughlai
18303696,Chinese
303174,Bakery
303174,Desserts
303174,North Indian
303174,Bengali
303174,South Indian
6877,Pizza
6877,Fast Food
306975,Ice Cream
18014135,North Indian
18306533,Continental
18441539,Finger Food
18441539,North Indian
18441539,Chinese
18340217,North Indian
18340217,Mughlai
18246068,Bakery
18246068,Desserts
304564,Street Food
304564,Mithai
312265,North Indian
312265,Chinese
312265,Mughlai
18378807,North Indian
18205653,Juices
18458345,North Indian
311428,Bakery
311428,Desserts
18435818,Biryani
313316,North Indian
313316,South Indian
313316,Fast Food
313316,Street Food
313316,Chinese
313316,Beverages
313316,Desserts
313316,Mithai
7528,North Indian
7528,Mughlai
1216,Chinese
1216,Thai
1216,Malaysian
1216,Indonesian
305662,North Indian
305662,Mughlai
305662,Biryani
305792,Fast Food
305792,North Indian
305792,Chinese
305776,Chinese
305776,Thai
18355106,Lebanese
308274,Ice Cream
308274,Desserts
3538,Ice Cream
3538,Desserts
18420450,Bakery
18420450,Desserts
18420450,Fast Food
306401,North Indian
306401,Mughlai
18257542,North Indian
18257542,Street Food
9290,Chinese
9290,Thai
301499,Goan
18025103,Hyderabadi
18025103,North Indian
18025103,Biryani
18424627,North Indian
18424627,Mughlai
18403465,North Indian
18372668,Fast Food
18372668,North Indian
18224536,North Indian
18224536,Rajasthani
18224536,Asian
18128902,Bakery
18138454,Bakery
4602,North Indian
4602,Chinese
18341082,Bengali
18341082,Fast Food
18382055,North Indian
18382055,Fast Food
18391189,Bakery
311837,Healthy Food
311837,North Indian
311837,Italian
311837,Salad
254,Italian
254,Pizza
254,Fast Food
308113,North Indian
18365890,Biryani
18354631,Fast Food
18336214,North Indian
18336214,Mughlai
18336214,Chinese
18265365,Cafe
18265365,Fast Food
18363405,South Indian
18363405,Desserts
18363405,Beverages
18322661,Bakery
18261725,Mughlai
18261725,Biryani
18157408,North Indian
18429378,Pizza
18429378,Fast Food
18439519,Goan
18439519,American
18439519,Portuguese
18433295,North Indian
18433295,Mughlai
18433295,Chinese
18391171,North Indian
18391171,Chinese
18400489,Rajasthani
18411599,Fast Food
18411599,North Indian
18265082,Desserts
313275,Chinese
18343001,Cafe
18377905,North Indian
18377905,Mughlai
18406140,Healthy Food
18406140,Continental
18406140,Juices
18406140,Beverages
18406140,Italian
18406140,Salad
18406140,Lebanese
18472606,Cafe
18472606,Pizza
18472606,Burger
18451577,Continental
312540,South Indian
18386419,Bakery
18412886,North Indian
18412886,Fast Food
18421029,North Indian
18421029,Chinese
18332044,Biryani
18306553,North Indian
309451,North Indian
18203171,Italian
18203171,Fast Food
312570,Street Food
18273621,Fast Food
305919,American
305919,Fast Food
305919,Salad
305919,Healthy Food
304520,North Indian
304520,Mughlai
304520,Chinese
18292458,South Indian
18292458,Kerala
4215,Bakery
18360143,American
18360143,Fast Food
18423890,North Indian
18423890,Mughlai
312555,Street Food
312555,Fast Food
18420454,Asian
3961,Continental
3961,North Indian
3288,Finger Food
7231,Mughlai
7231,Lucknowi
7231,Awadhi
18291211,Mughlai
18291211,Lucknowi
18291211,Awadhi
5768,Chinese
5768,North Indian
5768,Continental
5768,Mexican
304276,North Indian
304276,South Indian
304279,Japanese
5717,Finger Food
7496,North Indian
7496,Continental
7496,Chinese
309377,North Indian
309377,Mughlai
5042,Japanese
5042,Chinese
5042,Thai
5044,Italian
5046,North Indian
5046,Asian
310700,Chinese
310699,Continental
2711,Finger Food
2710,Japanese
18285736,Bakery
18285736,Desserts
18285736,Fast Food
18291200,Japanese
18291200,Thai
18291200,Italian
18291200,Asian
18291198,Italian
18291198,Burger
18291198,Charcoal Grill
18446404,Bakery
18446404,Desserts
6690,Cafe
306032,North Indian
306032,Chinese
306032,Fast Food
18216898,North Indian
310487,Desserts
18352277,North Indian
18352277,Mughlai
4185,North Indian
4185,Chinese
18374686,Chinese
18374686,Continental
18374686,North Indian
310870,North Indian
310870,Chinese
18435802,Continental
18435802,Healthy Food
311788,North Indian
311788,Fast Food
312301,Cafe
18175242,Bakery
18350142,Fast Food
18463967,North Indian
18463954,North Indian
18463969,North Indian
18350144,North Indian
18350144,South Indian
18350144,Chinese
18466414,Cafe
18332976,Bakery
18332976,Desserts
18412860,Cafe
18412860,Tea
18391133,North Indian
18311952,Cafe
18350138,North Indian
313078,Pizza
313078,Fast Food
18265716,North Indian
18265716,Chinese
18265716,South Indian
18382370,North Indian
18382370,Chinese
18382370,Italian
18421451,North Indian
18427204,North Indian
18352171,North Indian
18458633,Mughlai
18458633,Biryani
18306504,North Indian
18306504,Chinese
18306504,South Indian
18458319,North Indian
18463955,Street Food
18463955,North Indian
18337883,Cafe
18391145,North Indian
18277216,North Indian
312592,Cafe
9273,Burger
9273,Desserts
9273,Fast Food
309134,North Indian
18458638,Fast Food
18337882,Cafe
18237342,North Indian
18237342,Fast Food
18383550,Cafe
18383550,Bakery
302243,Cafe
18294576,Cafe
18294576,Fast Food
18294576,Street Food
18233603,Chinese
304182,Burger
304182,Desserts
304182,Fast Food
18396424,South Indian
9967,Fast Food
9967,Burger
18350125,Fast Food
18350125,Street Food
302248,Healthy Food
302248,Fast Food
302248,Salad
310531,American
310531,Fast Food
310531,Salad
310531,Healthy Food
312708,Cafe
18175288,Street Food
18124368,North Indian
18371415,Desserts
18371415,Bakery
305687,Cafe
305687,Tea
309642,Bakery
309642,Desserts
309642,Fast Food
18273546,Fast Food
18349911,Chinese
18349911,Asian
18349911,Thai
300652,Chinese
300652,Thai
300652,Asian
302239,Fast Food
302239,Pizza
18458317,Bakery
18237348,South Indian
18311959,Ice Cream
18311959,Desserts
309308,Tea
309308,Fast Food
301559,North Indian
301559,Mediterranean
301559,European
301559,Asian
301559,Chinese
301559,Pizza
301562,Thai
301562,Asian
311480,North Indian
311480,Chinese
303866,Mithai
303866,Bakery
303866,Street Food
4188,Chinese
4188,North Indian
311844,Chinese
311844,Fast Food
308681,Chinese
2817,Bakery
2817,Desserts
5927,Mithai
301734,Bakery
301734,Desserts
309851,Chinese
309851,Assamese
300097,Street Food
18466966,North Indian
18466966,Chinese
306524,Fast Food
1453,North Indian
1451,Mithai
1451,Street Food
1451,South Indian
1451,Chinese
1451,North Indian
300082,North Indian
313479,North Indian
9122,Mithai
9122,Street Food
3559,Bakery
3559,Desserts
18265678,Burger
18265678,Fast Food
2165,Chinese
2165,Thai
6769,Bakery
6769,Fast Food
18441791,Mithai
18441791,Street Food
1454,North Indian
1454,Chinese
6775,North Indian
306043,Continental
306043,North Indian
2100712,Cafe
2100712,Italian
2100478,North Indian
2100478,Continental
2100478,Italian
2100478,Chinese
18384506,Cafe
2100108,Cafe
2100921,Continental
2100921,European
2100565,Chinese
2100565,Thai
2100870,Chinese
2100870,Thai
2100870,Japanese
2100870,Asian
2100861,North Indian
2100861,Continental
18381932,Cafe
18381932,North Indian
18381932,Italian
18397909,Cafe
18397909,Continental
18397909,Chinese
2100702,North Indian
2100101,Chinese
2100322,Chinese
2100322,North Indian
2100784,Cafe
2100784,American
2100784,Italian
2100784,Continental
2100849,Continental
2100849,Juices
2100849,Cafe
2100849,Desserts
2100849,Salad
2100849,Italian
18480196,Asian
18480196,Chinese
18480196,Tibetan
2100719,Cafe
2100719,Continental
2100676,Chinese
2100074,Continental
2100074,Fast Food
2100074,Chinese
2100074,Charcoal Grill
2100074,Mexican
18224282,Continental
18224282,North Indian
18224282,Chinese
18224282,Arabian
18224282,Thai
2100776,Continental
2100776,Chinese
90744,Mughlai
90744,North Indian
90744,Chinese
18452864,European
18452864,Mediterranean
18452864,North Indian
97824,Mexican
97824,American
97824,Tex-Mex
97824,Burger
18443506,Seafood
18443506,Continental
18443506,Goan
18443506,Asian
18443506,Andhra
90847,Mexican
90847,American
90847,Tex-Mex
90847,Burger
18280329,North Indian
18280329,South Indian
18280329,Chinese
96626,North Indian
96626,Japanese
96626,Italian
94286,European
94286,Mediterranean
94286,North Indian
96776,Bakery
96776,Desserts
18418733,Continental
18418733,Asian
18418730,North Indian
18418730,Continental
18418730,Italian
93766,Mediterranean
93766,Italian
93766,European
18356469,Italian
18356469,Continental
18356469,Chinese
97503,North Indian
97503,Andhra
97503,Chettinad
97503,Bengali
97503,Mughlai
97503,Chinese
92577,Cafe
92577,Continental
92577,North Indian
92577,Chinese
18307251,Desserts
18307251,Cafe
18307251,Mexican
18313013,North Indian
18313013,Chinese
18312984,Hyderabadi
18312984,Awadhi
1401756,North Indian
1401756,Chinese
1401756,Continental
1401756,Mediterranean
1401756,Asian
1400544,North Indian
1400544,Chinese
18254231,North Indian
18254231,Chinese
18254231,South Indian
1402314,Italian
1402314,Continental
1400466,Cafe
1400466,Fast Food
1400466,Italian
1400466,Mexican
1401934,Greek
1401934,Lebanese
1401548,North Indian
1401548,Chinese
1400460,Cafe
1400460,Lebanese
1400460,Italian
1400056,North Indian
1400056,Mughlai
1400169,North Indian
1400169,Continental
1400169,Mexican
1400169,Italian
1400186,North Indian
1400186,Chinese
1400186,Italian
1402335,Mexican
1402335,Italian
1400555,Cafe
1400555,Italian
1400555,Mexican
1400555,Chinese
1401948,Cafe
1401948,Fast Food
18395137,Cafe
18395137,Bakery
1400121,North Indian
1400121,Chinese
1402028,Bakery
1402028,Cafe
1402028,Fast Food
1401857,North Indian
1401857,Mughlai
1401857,Seafood
1402089,Cafe
1402089,Fast Food
1402050,Cafe
1402050,Continental
1402050,Italian
1402050,Street Food
101212,Cafe
101212,Fast Food
101212,Street Food
101834,North Indian
101834,European
101834,Continental
101834,Finger Food
101884,Italian
101884,Chinese
101884,Mexican
101884,Thai
101884,North Indian
102813,Cafe
102813,Italian
102813,Continental
101259,Italian
101259,Continental
101259,Mexican
101259,Cafe
101259,Bakery
103065,Continental
103065,Italian
103065,North Indian
103065,Lebanese
103065,Thai
100080,Rajasthani
103147,Modern Indian
103147,Asian
101311,Cafe
101311,Italian
101311,Japanese
101311,Continental
100305,Continental
100305,Mexican
100305,Beverages
100305,Desserts
100305,North Indian
100305,Chinese
100305,Rajasthani
102215,North Indian
102215,Chinese
102215,Continental
102215,Rajasthani
102216,Chinese
102216,Asian
18209498,Italian
18209498,Bakery
18209498,Continental
103019,Cafe
103019,Mexican
103019,Italian
103019,North Indian
103019,Fast Food
103090,Continental
102531,Cafe
102531,Mexican
102531,Italian
102531,Continental
100306,North Indian
100306,Continental
100306,Chinese
100306,Italian
100306,Mexican
18454586,North Indian
18454586,Continental
18454586,Chinese
18454586,Mexican
18454586,Italian
18454586,Desserts
102504,Cafe
102504,Fast Food
102504,North Indian
102867,Continental
102867,Mexican
102867,North Indian
102867,Chinese
2300061,Chinese
2300061,Fast Food
2300483,North Indian
2300483,Continental
2300483,Asian
2300065,North Indian
18377936,Finger Food
18377936,North Indian
18377936,Continental
18377936,Italian
18377936,Mediterranean
2300188,North Indian
2300188,Chinese
18407105,Cafe
18407105,Italian
2300497,Indian
2300497,Chinese
2300497,Continental
2300183,Bakery
2300183,Desserts
2300183,Fast Food
2300476,Desserts
2300476,Fast Food
2300018,North Indian
2300018,Fast Food
18312106,Cafe
18312106,Continental
18312106,Desserts
18312106,Ice Cream
18312106,Italian
18312106,Beverages
2300042,Chinese
2300048,North Indian
2300058,North Indian
2300058,Mexican
2300058,Italian
2300162,Bakery
2300162,Fast Food
2300003,Chinese
2300003,North Indian
2300003,Continental
2300176,Fast Food
2300187,North Indian
2300187,Chinese
2300009,Chinese
2300009,Italian
2300009,Fast Food
18391601,North Indian
18391601,Mughlai
18391601,Lebanese
18391601,Arabian
18391601,Mediterranean
900682,Seafood
95361,Kerala
95421,Kerala
95256,European
95256,Cafe
95286,North Indian
95286,Kerala
95286,Chinese
95286,Continental
900969,European
900969,North Indian
900969,Mediterranean
900969,American
95333,Chinese
95333,Continental
900547,Fast Food
900547,Biryani
901089,Chinese
901089,Thai
901089,North Indian
901089,South Indian
901035,Kerala
901035,Fast Food
900561,Cafe
900524,Cafe
900524,Continental
900524,Italian
900800,Cafe
900800,Continental
900800,Italian
95304,Cafe
95304,Bakery
95304,Desserts
900533,Kerala
900533,South Indian
900533,Continental
900533,North Indian
900533,Seafood
900533,Chinese
901004,Chinese
901004,Seafood
901004,North Indian
901004,Biryani
900111,Kerala
900111,South Indian
900111,Chinese
900111,Biryani
95331,Italian
95331,Seafood
95331,Mediterranean
95331,Desserts
95331,Cafe
900032,Continental
900032,Cafe
900032,Desserts
900032,Bakery
900282,Kerala
900282,South Indian
18217475,Asian
18217475,Chinese
18249144,Italian
18249144,Mexican
18249144,American
18249144,Mediterranean
18017612,Continental
18017612,Middle Eastern
18017612,Asian
18377112,Chinese
18377112,Cafe
18377112,North Indian
18377112,Desserts
20002,Bengali
18343731,North Indian
18343731,Chinese
18343731,Street Food
25664,North Indian
25664,Chinese
25664,Mexican
25664,Italian
25587,Tex-Mex
25587,American
24530,Seafood
24530,Chinese
20747,Biryani
20747,North Indian
20747,Chinese
20747,Mughlai
21220,North Indian
21220,Continental
25570,North Indian
25570,Chinese
20350,Continental
20350,Italian
20350,North Indian
20870,Chinese
20870,North Indian
20404,Continental
20404,North Indian
24286,European
24286,American
20842,North Indian
20842,Chinese
18259462,Continental
18259462,Seafood
18259462,North Indian
18259462,Asian
24452,North Indian
18017615,Cafe
18017615,Chinese
18017615,Continental
800468,Mughlai
800468,Lucknowi
801675,Desserts
801675,Ice Cream
801690,Cafe
801690,Italian
801690,Continental
801684,Cafe
801684,Continental
801684,Chinese
18296995,Cafe
18296995,Fast Food
800237,Continental
800237,North Indian
800237,Asian
800273,North Indian
800273,Continental
18375866,Cafe
18375866,Italian
801170,North Indian
801170,Chinese
801170,Mughlai
801636,Cafe
801636,Italian
801636,Desserts
18385021,European
801640,Mediterranean
801640,Italian
801640,American
801269,Italian
801269,American
801269,Lebanese
801693,Cafe
801693,Chinese
801693,Thai
801693,North Indian
801693,Continental
800483,Mughlai
800891,Cafe
800891,Bakery
800326,North Indian
800326,Mughlai
800326,Chinese
800326,Continental
801384,North Indian
801384,Continental
801384,South Indian
801384,Chinese
801384,Thai
801384,Asian
800089,North Indian
801247,North Indian
801247,Mughlai
801247,Chinese
800576,Cafe
800576,Fast Food
15239,North Indian
15239,Chinese
15239,Fast Food
18444271,North Indian
18444271,Chinese
18444271,Continental
15005,North Indian
15005,Chinese
15221,North Indian
15221,Chinese
15221,South Indian
15221,Fast Food
15292,Italian
15292,Continental
15292,North Indian
15292,Cafe
15309,Cafe
18400368,North Indian
18400368,Mughlai
15132,Italian
15132,Continental
15132,Mexican
15132,Lebanese
15705,Mediterranean
15705,Chinese
15705,Continental
15078,Pizza
15078,Fast Food
15104,Portuguese
15104,African
15774,Cafe
15774,Continental
15774,Italian
15774,Bakery
15008,Continental
15008,Chinese
15008,Italian
15008,Bakery
15321,Mughlai
15321,North Indian
15321,Chinese
15368,North Indian
15368,Chinese
15368,Continental
15853,North Indian
15853,Chinese
15853,Continental
15497,Cafe
15497,Bakery
15497,Desserts
15091,North Indian
15091,Mughlai
15777,European
15777,Chinese
15717,North Indian
15717,Continental
3100446,Cafe
3100159,Desserts
3100159,Bakery
3100010,American
3100010,Italian
3100145,Chinese
3100145,Mangalorean
3100013,Chinese
3100143,Continental
3100143,American
3100033,Finger Food
3100033,Continental
3100033,North Indian
3100153,South Indian
3100153,North Indian
3100142,Seafood
3100030,North Indian
3100030,Mughlai
18237384,Cafe
18237384,Continental
3100008,Seafood
3100008,North Indian
3100148,Pizza
3100148,Italian
3100044,Chinese
3100044,Continental
3100044,North Indian
3100044,Mughlai
3100441,North Indian
3100441,Chinese
3100302,Seafood
3100422,North Indian
3100422,Mughlai
3100422,Chinese
3100422,Mangalorean
3100014,Continental
3100448,North Indian
3100448,Italian
3100448,Finger Food
3100017,South Indian
3100017,North Indian
3100017,Chinese
18424018,Continental
18424018,North Indian
35217,Pizza
18447068,Asian
18458563,Healthy Food
18458563,American
18458563,Burger
18458563,Salad
18075122,North Indian
18075122,Italian
18075122,Chinese
18075122,Mexican
18233317,Fast Food
18233317,Beverages
18233317,Desserts
18237753,Cafe
18237753,Italian
18237753,Desserts
18237753,Fast Food
18237753,Chinese
18237753,Tea
18388642,Continental
18388642,Italian
18463285,Cafe
18463285,Continental
18463285,North Indian
18463285,Italian
18463285,Chinese
18463285,Bakery
18463285,Desserts
18463285,Finger Food
16527711,Bakery
16527711,Desserts
16527711,Cafe
18313566,Modern Indian
49003,North Indian
18441580,Cafe
18441580,Italian
18441580,Desserts
18441580,Fast Food
18441580,Chinese
18441580,Tea
34757,Pizza
18408295,American
18408295,Burger
18408295,Fast Food
18216876,Italian
18216876,Continental
18216876,Mexican
18216876,Japanese
18216876,American
18216876,British
17806994,North Indian
17806994,South Indian
17806994,Mughlai
18435740,North Indian
18435740,Chinese
18435740,Thai
18318116,Street Food
18318116,Burger
18318116,Desserts
18318116,Italian
18318116,Pizza
18318116,North Indian
18318116,European
18318116,Finger Food
18270976,Cafe
18270976,Italian
18270976,Desserts
18270976,Fast Food
18270976,Chinese
18270976,Tea
49486,Cafe
49486,Italian
49486,Desserts
49486,Fast Food
49486,Chinese
49486,Tea
3600252,Andhra
3600265,North Indian
3600265,Chinese
3600265,Italian
3600375,Italian
3600015,South Indian
3600012,North Indian
3600012,Andhra
3600012,Mughlai
3600013,North Indian
3600013,Chinese
3600013,South Indian
3600071,Italian
3600071,North Indian
3600071,South Indian
3600192,Continental
3600192,North Indian
3600192,South Indian
3600119,North Indian
3600119,Chinese
3600352,North Indian
3600352,European
3600352,Mediterranean
3600009,Pizza
3600009,Italian
3600361,North Indian
3600148,North Indian
3600148,Continental
3600148,Chinese
3600436,Continental
3600436,Chinese
3600436,North Indian
3600008,North Indian
3600008,Chinese
3600008,South Indian
3600354,Cafe
3600354,Continental
3600354,European
3600354,Beverages
3600285,Continental
3600285,South Indian
3600072,Chinese
3600072,Thai
3600022,North Indian
3600022,Asian
3600022,Continental
3600014,Finger Food
3301308,Fast Food
3300780,Cafe
3301236,Continental
3301236,Fast Food
3301236,Tea
3300369,North Indian
3300369,Chinese
3301013,North Indian
3301013,Mughlai
3300741,Cafe
3300741,Chinese
3300741,Fast Food
3300741,Italian
3300138,Fast Food
3300138,Chinese
3300949,Cafe
3300065,Continental
3300065,North Indian
3300065,Thai
3300065,Chinese
3300416,Cafe
3301169,Cafe
3301169,Fast Food
3300061,Cafe
3300061,Continental
3300107,North Indian
3300107,Italian
3300107,Continental
3300058,Cafe
3300057,Chinese
3300057,Continental
3300057,North Indian
3300041,North Indian
3300041,Chinese
3300041,Continental
3300958,North Indian
3300958,European
3300958,Mediterranean
3300707,American
3300707,Fast Food
3300070,Seafood
3300070,Chinese
3300070,Thai
3301035,Chinese
1600227,Maharashtrian
1600280,North Indian
1600280,Maharashtrian
1600169,North Indian
1600109,North Indian
1600108,Cafe
1600108,Desserts
1600258,North Indian
1600258,European
1600258,Mediterranean
1600258,Asian
1600252,Cafe
1600007,North Indian
1600007,Chinese
1600007,Fast Food
1600053,Chinese
1600326,Cafe
1600307,North Indian
1600219,Fast Food
1600067,Mughlai
1600039,North Indian
1600039,Chinese
1600029,North Indian
1600292,Italian
1600298,North Indian
1600095,Malwani
1600095,North Indian
1600095,Chinese
1600095,Seafood
1600205,Maharashtrian
1600212,North Indian
1600212,Chinese
1600212,Continental
18287358,Cuisine Varies
18216944,Fast Food
313333,North Indian
313333,Seafood
313333,Continental
18384127,South Indian
18384127,North Indian
582,South Indian
582,North Indian
582,Chinese
18414465,Mughlai
304243,Fast Food
3554,South Indian
18369872,Pizza
948,North Indian
948,Chinese
2853,Chinese
2853,North Indian
18433900,Mediterranean
18433900,Italian
18425159,Continental
18425159,Seafood
18425159,Goan
18425159,Andhra
18425159,Kerala
18425159,Thai
310958,Parsi
18334443,Finger Food
18255141,North Indian
18255141,Mughlai
197,Pizza
197,Fast Food
308235,North Indian
308235,Chinese
308235,Continental
18258757,Fast Food
18258757,Italian
18258757,Pizza
307383,North Indian
307383,Continental
307383,Chinese
18386746,Continental
18386746,North Indian
18386746,Fast Food
18386746,Street Food
18386746,South Indian
18337885,Cafe
310491,North Indian
310491,Chinese
18337789,Street Food
18337789,Mithai
18222573,North Indian
18222573,Chinese
3370,Street Food
3370,South Indian
3370,Mithai
307439,North Indian
307439,Chinese
1078,Italian
1078,Pizza
1078,Fast Food
9340,Bakery
9340,Fast Food
306761,North Indian
306761,Fast Food
7580,Mithai
7580,North Indian
7580,South Indian
7580,Street Food
7584,Mithai
7584,Street Food
7582,Cafe
18351495,Bakery
7594,Mithai
7594,North Indian
7594,South Indian
7594,Street Food
7583,Fast Food
7610,Raw Meats
7610,North Indian
7610,Fast Food
18412603,Chinese
18412603,North Indian
18412603,Italian
18412603,Mughlai
7639,Chinese
18441545,Chinese
18441545,Thai
9971,North Indian
9971,Mughlai
18451572,Street Food
18451572,Fast Food
18451572,Beverages
7593,Chinese
301440,Bakery
301440,Fast Food
7585,Desserts
7585,Ice Cream
306531,North Indian
18354658,North Indian
18337782,North Indian
18337782,South Indian
18337782,Chinese
18258759,Bakery
18258759,Desserts
18057805,North Indian
18057805,Biryani
3428,Bengali
18425771,Ice Cream
18425771,Desserts
18304836,Chinese
18304836,Mughlai
18304836,North Indian
18311951,Ice Cream
18401128,Raw Meats
18401128,Fast Food
18354667,South Indian
18354667,North Indian
18354667,Chinese
18431379,Chinese
18431379,North Indian
18431379,Mughlai
18431379,Pizza
18311953,North Indian
18361522,Fast Food
18361522,North Indian
18425780,Mughlai
18489513,North Indian
306795,South Indian
306795,North Indian
306795,Chinese
7249,Turkish
7246,Pizza
7246,Italian
310723,Burger
310723,Fast Food
7253,Asian
7253,Chinese
18180041,American
18434414,Continental
18434414,Chinese
18434414,North Indian
4905,Chinese
4905,Japanese
4905,Thai
4905,Malaysian
4905,Vietnamese
4905,Asian
18421232,North Indian
18421232,South Indian
7228,North Indian
7228,Street Food
7228,Mughlai
7068,Cafe
7068,Desserts
302152,Cafe
312300,Seafood
312300,South Indian
312300,Andhra
312300,Hyderabadi
312300,Goan
5565,Chinese
5565,Fast Food
5565,North Indian
5565,South Indian
307113,Italian
307113,Continental
307113,Cafe
6258,Fast Food
6258,North Indian
6258,Chinese
6258,Desserts
6094,Chinese
6094,Fast Food
304592,Street Food
18421481,South Indian
310874,Fast Food
18313972,Bakery
18313972,Desserts
18128860,North Indian
18128860,Chinese
310877,Fast Food
304687,Chinese
304687,Fast Food
312444,Ice Cream
312444,Desserts
18337975,Cafe
18337975,North Indian
18337975,Fast Food
18124373,Chinese
18124373,South Indian
305913,Fast Food
310447,Chinese
310858,Fast Food
18332083,Fast Food
18332083,North Indian
18332083,Chinese
18361241,Mughlai
18361241,North Indian
305630,Fast Food
18034049,Healthy Food
6092,Chinese
6092,North Indian
6092,Italian
18124361,Bakery
18124361,Desserts
18124361,Fast Food
18124361,Pizza
18124361,Burger
18124361,Continental
6088,Street Food
18394366,North Indian
18394366,Chinese
18394366,South Indian
18394366,Fast Food
18354639,North Indian
18354639,Chinese
311657,Bakery
311657,Desserts
18350112,Desserts
18350112,Bakery
18350112,Pizza
18350112,Burger
18350112,Continental
18377924,Cafe
18377924,Bakery
18428216,Bakery
18428216,Desserts
18428216,Fast Food
18428216,Mithai
18421050,Fast Food
18421050,Beverages
18377887,Cafe
18421693,Bakery
18418263,Bakery
18421457,Street Food
18421463,Bakery
18268361,Chinese
18268361,South Indian
18268361,North Indian
18445804,Chinese
18445804,Fast Food
18347812,Cafe
18347812,Bakery
18377920,South Indian
18377920,Chinese
311544,Bakery
311544,Desserts
18377915,Chinese
18421058,Italian
18421058,Fast Food
18335692,Bakery
18429396,North Indian
18429396,European
179,Fast Food
179,Burger
307843,Italian
307843,Pizza
307843,Fast Food
18421042,Continental
18421042,Asian
18421042,North Indian
3295,Japanese
3295,Korean
18414499,Continental
18441775,Malaysian
18441775,Indonesian
18427565,Japanese
18427565,Asian
18395381,Continental
18395381,North Indian
18395381,Mughlai
18395381,Italian
310281,North Indian
310281,South Indian
310281,Chinese
310281,Mithai
310281,Fast Food
18207831,Beverages
18207831,Fast Food
5452,Pizza
5452,Fast Food
18374418,Fast Food
18258778,Fast Food
6560,North Indian
6560,Street Food
3322,North Indian
3322,South Indian
3322,Chinese
3322,Fast Food
3322,Mithai
18249102,North Indian
18249102,Chinese
18241609,Bakery
8743,Bakery
5294,Chinese
5294,Fast Food
4651,Street Food
5315,North Indian
5315,Chinese
6577,North Indian
6577,Mughlai
6577,Chinese
309395,Raw Meats
309395,Fast Food
309395,North Indian
300784,Chinese
300784,Fast Food
18430692,North Indian
18430692,Chinese
18430692,Mughlai
309503,North Indian
309503,Chinese
3326,North Indian
309384,Bakery
309384,Desserts
309384,Fast Food
3079,North Indian
3079,Mughlai
303093,Bakery
303093,Desserts
303093,Chinese
303093,Fast Food
309375,Fast Food
309375,Chinese
309375,Bakery
18441672,Chinese
18446423,North Indian
18446423,Mughlai
18462588,North Indian
18462588,Mughlai
18462588,Chinese
18460330,Fast Food
18460330,Chinese
18361739,Mithai
312338,Raw Meats
312338,Fast Food
18057828,Raw Meats
18057828,Fast Food
18361700,North Indian
18361700,Chinese
18383541,Beverages
18248970,Bakery
18248970,Chinese
18395538,Mithai
18395538,Street Food
18446396,Ice Cream
18446396,Desserts
313193,Fast Food
313193,Chinese
18457050,North Indian
18375413,North Indian
18458325,Fast Food
5296,Mithai
310802,Street Food
310802,Chinese
310802,North Indian
310802,Mithai
310777,Italian
310777,Pizza
310777,Fast Food
309,South Indian
309,North Indian
309,Chinese
18390678,North Indian
18390678,Chinese
3329,North Indian
3329,Chinese
18216896,North Indian
18216896,Chinese
18216896,Fast Food
307767,Chinese
307767,Italian
307767,North Indian
3332,Mithai
3332,Street Food
980,North Indian
980,Chinese
18232098,North Indian
18232098,Mughlai
18232098,Chinese
18232098,Continental
6574,North Indian
2379,Street Food
309390,North Indian
309390,Mughlai
309390,Chinese
309390,Italian
300809,North Indian
300809,Chinese
1192,North Indian
310803,North Indian
310803,Mughlai
18250797,Bakery
198,Pizza
198,Fast Food
18449782,Pizza
18449782,Fast Food
18449782,Chinese
18057820,North Indian
18057820,Mughlai
310215,Bakery
306841,Mughlai
306841,North Indian
18412952,North Indian
18412952,South Indian
18412952,Street Food
18432191,North Indian
18432191,Mughlai
18375420,Fast Food
18375420,Italian
18375420,Chinese
6286,North Indian
6286,South Indian
6286,Chinese
1914,North Indian
1914,South Indian
1914,Chinese
1914,Street Food
1914,Mithai
18163907,Cafe
18344490,North Indian
18344490,Fast Food
18412878,North Indian
18412878,Fast Food
18294263,Bakery
18294263,Mithai
588,North Indian
588,South Indian
588,Street Food
588,Mithai
7150,North Indian
7150,Chinese
18264634,North Indian
18264634,Street Food
18264634,Chinese
18264634,South Indian
18264634,Mithai
301534,Bengali
301534,North Indian
301534,Chinese
8340,Bakery
8340,Desserts
8340,Fast Food
18400739,North Indian
304954,Fast Food
18400737,Fast Food
18382583,Bakery
18382583,Desserts
18249122,Lebanese
18249122,Arabian
18249122,Moroccan
7354,Cafe
9267,Chinese
9267,Fast Food
7352,Pizza
7352,Fast Food
304211,North Indian
262,Italian
262,Pizza
262,Fast Food
4621,Bakery
4621,Fast Food
2134,Fast Food
2134,North Indian
303472,Japanese
303472,Chinese
303472,Malaysian
303472,Thai
303472,Vietnamese
758,Lebanese
7217,Chinese
7217,Thai
7217,North Indian
307054,Burger
307054,Desserts
307054,Fast Food
771,North Indian
771,Chinese
171,Fast Food
171,Burger
304675,Chinese
3269,Finger Food
3935,Italian
3935,Continental
4166,Chinese
3936,North Indian
3936,Mughlai
5227,North Indian
5227,Chinese
5227,Continental
1862,North Indian
1862,Street Food
819,Chinese
819,Japanese
819,Thai
2236,Mithai
2236,North Indian
4150,Fast Food
4150,North Indian
4150,Desserts
4150,Ice Cream
6394,North Indian
1867,North Indian
1867,Mughlai
2608,South Indian
8388,Pizza
8388,Fast Food
3465,South Indian
301581,Cafe
823,Chinese
823,North Indian
18421499,Bakery
18421499,Italian
18421499,Fast Food
18421499,Chinese
18421499,Continental
846,Chinese
846,North Indian
816,Chinese
816,North Indian
4055,North Indian
4055,South Indian
4055,Fast Food
4055,Street Food
4055,Chinese
4055,Beverages
4055,Desserts
4055,Mithai
18312487,Cafe
1630,Chinese
1630,North Indian
308261,North Indian
308261,South Indian
2587,Chinese
849,Chinese
848,Chinese
848,North Indian
848,Seafood
852,Chinese
312194,Cafe
7643,Fast Food
3238,North Indian
3238,Mughlai
18396184,Kashmiri
18396184,North Indian
847,Chinese
847,North Indian
7575,Chinese
7575,North Indian
850,Chinese
850,North Indian
311856,Cafe
311856,Healthy Food
311856,North Indian
851,South Indian
851,Chettinad
851,North Indian
851,Chinese
18228885,Bakery
824,Chinese
301102,Gujarati
301102,South Indian
301102,North Indian
18238246,Bakery
18238246,Desserts
6003,Assamese
6003,Chinese
18469659,North Eastern
18288994,South Indian
18288994,North Indian
18288994,Chinese
845,Chinese
845,North Indian
18466422,Finger Food
815,North Indian
815,Mughlai
305296,North Indian
305296,Mughlai
305296,Chinese
6079,North Indian
6117,North Indian
18082202,Pizza
18082202,Fast Food
308574,Bakery
6123,South Indian
6123,Chinese
6123,Fast Food
312157,North Indian
312157,South Indian
312157,Chinese
302490,North Indian
304697,North Indian
307713,Bakery
18384137,Mughlai
5459,North Indian
311703,Mughlai
308006,Mithai
308006,Fast Food
4053,North Indian
4053,South Indian
4053,Fast Food
4053,Street Food
4053,Chinese
4053,Desserts
4053,Mithai
5468,North Indian
5453,North Indian
5453,Fast Food
5453,Chinese
5453,South Indian
681,North Indian
681,Street Food
681,Chinese
681,South Indian
308008,North Indian
18272386,North Indian
18272386,South Indian
306380,North Indian
312936,Mithai
312936,Street Food
6698,Fast Food
6698,Burger
9961,Fast Food
9961,Burger
312925,North Indian
312925,Fast Food
312925,South Indian
18342132,Street Food
18323461,Beverages
18323461,Street Food
5466,North Indian
18232088,Mithai
304743,Mithai
18128897,North Indian
18128897,South Indian
18211151,Mughlai
5460,North Indian
311492,Street Food
303643,Desserts
9156,North Indian
9156,South Indian
9160,North Indian
18235302,North Indian
9157,North Indian
9159,Street Food
6706,North Indian
6706,Chinese
18082089,Mughlai
18082089,Biryani
312693,Mughlai
308209,Beverages
306017,Mithai
304737,Street Food
308318,North Indian
552,North Indian
552,South Indian
552,Chinese
552,Street Food
552,Fast Food
552,Mithai
552,Desserts
6704,Street Food
6704,Chinese
6704,North Indian
6704,Mithai
309722,Mithai
309722,Street Food
18286206,Beverages
308894,Fast Food
7545,Street Food
9165,Mithai
9165,Street Food
5458,North Indian
5467,North Indian
9161,Mithai
9161,Street Food
302869,Mithai
1889,Street Food
1889,North Indian
1889,South Indian
1889,Mithai
18466395,Street Food
18469682,Biryani
18469682,Mughlai
18466396,Street Food
18466402,Chinese
302859,North Indian
308533,North Indian
18462596,Fast Food
18333489,Street Food
18333489,Mithai
18408052,Desserts
302871,North Indian
18425711,Mithai
310678,Street Food
310678,Mithai
300178,Mithai
300178,Street Food
1155,Ice Cream
1155,Mithai
1155,North Indian
1155,Street Food
9166,Street Food
18264992,Mughlai
18264992,Street Food
18282012,Desserts
18282012,Street Food
303642,Ice Cream
18281967,Street Food
18082228,Ice Cream
301287,North Indian
308192,Street Food
308192,Mithai
306015,Mithai
306015,North Indian
311002,Street Food
311002,Beverages
313511,Fast Food
311022,Street Food
303644,Fast Food
303644,Beverages
307218,Mithai
307218,Street Food
304018,North Indian
304018,Mughlai
304018,Chinese
18239781,Mithai
18239781,Bakery
18364354,North Indian
18364354,Mughlai
18364354,Chinese
18175256,North Indian
18175256,Chinese
7623,North Indian
7623,Fast Food
17953899,North Indian
17953899,Mughlai
17953899,Chinese
309756,North Indian
309756,Mughlai
309756,Fast Food
309756,South Indian
2595,North Indian
2595,Mughlai
2595,Biryani
7620,Fast Food
309161,Mughlai
309161,North Indian
309161,Bengali
309161,Continental
18249081,Chinese
18249081,Thai
3632,Chinese
3632,Mughlai
3632,North Indian
7602,Fast Food
1712,Raw Meats
1712,Fast Food
300984,North Indian
300984,Chinese
18429374,North Indian
18429374,Mughlai
18354627,Mughlai
18354627,North Indian
18354627,Chinese
301522,North Indian
301522,Chinese
301522,Biryani
4973,North Indian
4973,Mughlai
4973,Chinese
3504,North Indian
3504,Mughlai
18459885,Fast Food
301405,North Indian
18457499,North Indian
18457499,Mughlai
18457499,Chinese
18445801,Bengali
18355107,Fast Food
18175328,North Indian
18175328,Kashmiri
7613,Mithai
7599,Mithai
7599,Street Food
302936,Fast Food
4608,Desserts
7636,Fast Food
18373691,Continental
18373691,American
18373691,Fast Food
7634,Bengali
7634,North Indian
306028,North Indian
306028,Mughlai
306028,Biryani
306028,Bengali
311637,Beverages
18396171,North Indian
18282004,Fast Food
17989134,Bakery
17989134,Fast Food
18371396,Cafe
18396942,Chinese
18311930,North Indian
18311930,Mughlai
18311930,Chinese
18481320,North Indian
18481320,Chinese
7635,Fast Food
7635,Chinese
7601,Mithai
18471314,Bakery
18471314,Desserts
309080,North Indian
309080,Chinese
309080,Fast Food
1358,Biryani
1358,North Indian
5890,North Indian
5890,Mughlai
5890,Chinese
306513,Continental
306513,North Indian
306513,Chinese
3089,North Indian
3089,Italian
3089,Fast Food
7061,North Indian
7061,Chinese
7061,Continental
7061,Italian
18466981,Mughlai
18466981,North Indian
311093,Bakery
311093,Desserts
1055,Chinese
1055,North Indian
1055,Mughlai
18144470,Bakery
18144470,Desserts
18144470,Fast Food
4089,Chinese
4089,South Indian
311030,Cafe
311030,Italian
311030,Continental
9927,Gujarati
18261146,Fast Food
18424867,Chinese
18361206,North Indian
18424863,North Indian
18424863,South Indian
18361208,Biryani
18361208,Mughlai
18398580,Chinese
18424871,Bakery
18424871,Mithai
18245298,Chinese
18245298,Japanese
18245298,Korean
18245298,Asian
2578,Chinese
2578,North Indian
2578,Street Food
709,Ice Cream
1530,North Indian
1530,Mughlai
1401,North Indian
1401,Chinese
602,Cafe
18175255,Cafe
2245,North Indian
2245,Street Food
2245,Mithai
2585,North Indian
2585,Mughlai
908,North Indian
908,Mughlai
908,Chinese
924,North Indian
924,Mughlai
7715,North Indian
9476,Fast Food
7686,North Indian
305621,North Indian
305621,Mughlai
1324,Bakery
1324,Desserts
1324,Fast Food
927,North Indian
929,Italian
929,Tex-Mex
929,Continental
929,North Indian
18256780,North Indian
18256780,Lucknowi
53,North Indian
53,Chinese
53,Mughlai
307271,North Indian
307271,Continental
307271,Italian
596,Cafe
1127,Finger Food
1127,Continental
1127,North Indian
1127,Chinese
4237,Cafe
6357,North Indian
6357,Chinese
18124357,North Indian
2913,Chinese
2913,North Indian
2913,Mughlai
2913,Continental
3506,Fast Food
6957,North Indian
6957,Chinese
6957,Italian
6957,Continental
304154,North Indian
304154,Chinese
304154,Italian
304154,Continental
320,South Indian
320,North Indian
320,Chinese
310097,North Indian
310097,Italian
310097,Continental
18418277,Continental
18418277,Italian
18418277,Asian
18418277,Indian
310143,Ice Cream
18357940,North Indian
300595,North Indian
55,Chinese
55,Thai
3168,Continental
3168,Mexican
3168,American
3168,Italian
3168,North Indian
310448,Burger
310448,Fast Food
18237356,Burger
18237356,Juices
18237356,Finger Food
303034,Cafe
18070476,North Indian
18070476,European
18208892,Chinese
18208892,Continental
18208892,North Indian
18157403,North Indian
18157403,Continental
18157403,Italian
18306523,North Indian
18306523,Chinese
18306523,Italian
18306523,Mediterranean
309664,Pizza
309664,Italian
309664,Cafe
302878,Cafe
18237315,Cafe
18237315,Tea
305453,Asian
305453,Japanese
305453,Chinese
305453,Thai
308804,Chinese
311373,North Indian
311373,Mughlai
143,Pizza
143,Fast Food
308772,Burger
308772,Desserts
308772,Fast Food
7855,Burger
7855,Desserts
7855,Fast Food
66,North Indian
66,Continental
66,European
18235515,North Indian
18235515,Mexican
18235515,Italian
18235515,Continental
18247029,Healthy Food
18247029,Beverages
2298,Street Food
2298,North Indian
2298,South Indian
2298,Chinese
2298,Mithai
310490,North Indian
310490,Continental
1896,North Indian
18157384,North Indian
18157384,Continental
18157384,Chinese
18157384,Italian
18157384,Thai
18157384,Mughlai
2903,North Indian
301653,North Indian
301653,Mughlai
2195,American
2195,Fast Food
7367,Mughlai
7367,North Indian
309586,North Indian
309586,Italian
309586,Mexican
309586,Chettinad
309586,Chinese
309586,Lebanese
18398577,Fast Food
18398577,Burger
18435302,Goan
18435302,Seafood
9747,Cafe
9747,North Indian
9747,Italian
9747,Japanese
9747,Fast Food
312603,European
312603,Chinese
312603,North Indian
312603,Italian
177,Fast Food
177,Burger
9959,Fast Food
9959,Burger
17953940,Arabian
17953940,Mexican
18441674,Bengali
18441674,South Indian
18441674,North Indian
18441674,Mughlai
307485,North Indian
307485,Mughlai
311057,North Indian
311057,Mughlai
311057,Chinese
309955,Portuguese
309955,African
870,North Indian
870,Fast Food
18265711,North Indian
18265711,Italian
18265711,Chinese
18265711,Mexican
312601,North Indian
312601,Chinese
312601,Mughlai
312601,Italian
3393,North Indian
3393,Chinese
3393,Mughlai
2504,North Indian
2504,Mughlai
249,Italian
249,Pizza
249,Fast Food
18423119,North Indian
18423119,Chinese
18423119,Continental
18255131,Chinese
18255131,Italian
18255131,Continental
18255131,North Indian
306497,North Indian
306497,Mughlai
308244,Finger Food
308244,European
308244,North Indian
1286,Gujarati
1286,Rajasthani
4815,Continental
4815,American
4815,Tex-Mex
4815,North Indian
310463,Pizza
310463,Italian
5738,Beverages
5738,Fast Food
302310,South Indian
5608,Mughlai
5608,North Indian
5608,Chinese
307535,Cafe
302156,American
302156,Fast Food
302156,Salad
302156,Healthy Food
18238278,Finger Food
18238278,North Indian
18238278,Continental
18238278,Italian
905,Chinese
905,Thai
18281985,North Indian
18281985,Continental
18281985,Finger Food
307060,Finger Food
307060,North Indian
307060,Italian
18425735,Italian
18425735,Mediterranean
18425735,Continental
18425735,North Indian
313256,North Indian
313256,Mediterranean
313256,Asian
18337893,North Indian
18337893,Continental
18337893,Fast Food
307190,Fast Food
309790,North Indian
309790,Mediterranean
309790,Asian
309790,Continental
1800,North Indian
1800,Mughlai
301605,American
301605,Continental
301605,Italian
301605,North Indian
301605,Asian
3394,North Indian
3394,Mughlai
930,Chinese
930,Japanese
930,Italian
930,Seafood
309073,Lebanese
309073,Mediterranean
309073,Middle Eastern
309073,Arabian
18414481,Tea
18469940,Pizza
18469940,Fast Food
18380361,North Indian
18241537,North Indian
18241537,Italian
18241537,Asian
18241537,American
309478,North Indian
309478,Chinese
309478,Italian
309478,Continental
7713,North Indian
7713,Chinese
7713,Continental
7713,Italian
301489,North Indian
301489,Chinese
18219558,Biryani
18219558,North Indian
18219558,Hyderabadi
18216915,Biryani
18216915,Hyderabadi
306913,North Indian
306913,Chinese
306913,Italian
306913,American
306913,Middle Eastern
307036,Continental
307036,North Indian
307036,Chinese
307036,Mediterranean
67,Chinese
18233593,Modern Indian
310123,Japanese
18198427,Healthy Food
18198427,Continental
18198427,Italian
18279449,North Indian
18279449,Mediterranean
18279449,Asian
18279449,Fast Food
18237357,Continental
18237357,Mediterranean
18237357,Italian
18237357,North Indian
18254558,Fast Food
18254558,American
18254558,Burger
18246991,Continental
18246991,American
18246991,Asian
18246991,North Indian
309859,Italian
309859,Mexican
309859,Continental
309859,North Indian
309859,Finger Food
18294220,Asian
18294220,North Indian
900,South Indian
18294269,Continental
18294269,Mexican
18294269,Burger
18294269,American
18294269,Pizza
18294269,Tex-Mex
301011,Cafe
18423151,North Indian
18423151,European
18454488,North Indian
18454488,Afghani
18454488,Mughlai
308579,Continental
308579,North Indian
308579,Italian
308579,Asian
910,North Indian
910,European
910,Asian
910,Mediterranean
18216901,North Indian
18216901,Continental
301114,Bakery
301114,Desserts
301114,Fast Food
4249,Bakery
4249,Fast Food
4249,Desserts
18222559,North Indian
18222559,Chinese
18222559,Italian
18222559,Continental
303204,North Indian
303204,Chinese
8881,North Indian
8881,Chinese
310435,Continental
310435,Italian
309051,Fast Food
309051,Burger
1258,North Indian
1258,Chinese
2308,North Indian
2308,Chinese
2308,South Indian
2308,Fast Food
195,Fast Food
195,Burger
307940,North Indian
2299,North Indian
2299,South Indian
2299,Chinese
2299,Street Food
2299,Fast Food
2299,Mithai
2299,Desserts
5997,Finger Food
6030,Bakery
6030,Desserts
6030,Fast Food
307362,Finger Food
307361,Italian
307361,North Indian
307361,Continental
3105,North Indian
3105,Chinese
3105,Continental
9960,Fast Food
9960,Burger
18014114,North Indian
18014114,Chinese
18014114,Finger Food
3894,North Indian
3894,South Indian
3894,Chinese
3894,Street Food
3894,Fast Food
3894,Mithai
3894,Desserts
306479,North Indian
3183,North Indian
3183,South Indian
3183,Chinese
3183,Fast Food
5451,North Indian
5451,Fast Food
5464,Cafe
3182,North Indian
18057826,North Indian
18057826,Mughlai
18275791,Mughlai
18261700,North Indian
18261700,Chinese
18261700,Fast Food
18261700,South Indian
18228864,Bakery
18228864,Fast Food
310792,Fast Food
310792,Burger
18222587,Street Food
18222587,Mithai
309530,North Indian
309530,Chinese
5462,South Indian
3181,North Indian
3181,Chinese
3181,Mughlai
9912,Parsi
3180,North Indian
3180,South Indian
4092,North Indian
4092,Mughlai
18261683,North Indian
18261683,Chinese
18261683,Mughlai
4715,North Indian
4715,Mughlai
481,North Indian
481,Chinese
302232,North Indian
302232,Mughlai
1044,North Indian
3185,North Indian
18292467,North Indian
18390082,North Indian
18466971,Cafe
18449652,North Indian
18288623,North Indian
18345506,Mughlai
18397709,North Indian
18397709,Mughlai
18294896,North Indian
6678,North Indian
18351471,Mughlai
18206818,Mithai
18206818,Street Food
5463,North Indian
18345380,Mughlai
5450,North Indian
18292465,Pizza
18292472,North Indian
18449638,Fast Food
18449640,North Indian
18449640,South Indian
18492527,North Indian
18492527,Mughlai
303637,Pizza
303637,Fast Food
304181,Mughlai
308183,Bakery
308183,Fast Food
313059,Chinese
763,Chinese
763,Japanese
7557,Mithai
7557,Street Food
525,Cafe
7561,Fast Food
7561,Street Food
18387105,Bakery
18387105,Desserts
18451576,North Indian
18451576,Chinese
18451576,Mughlai
580,Mughlai
580,North Indian
580,Chinese
308703,Bakery
308703,Desserts
60,North Indian
60,Mughlai
305123,Bakery
305123,Desserts
18265689,North Indian
18265689,Bengali
199,Pizza
199,Fast Food
756,North Indian
756,Mughlai
309801,Bakery
309801,Desserts
18433907,Desserts
311511,Ice Cream
311511,Desserts
308279,Ice Cream
308279,Desserts
7621,Raw Meats
7621,North Indian
7621,Fast Food
306779,North Indian
312980,Fast Food
18222580,Desserts
2878,Fast Food
2878,Chinese
8902,Mithai
8902,Street Food
18374707,North Indian
18374707,Mughlai
678,Continental
678,Chinese
678,North Indian
3568,Continental
18354969,North Indian
18354969,Mughlai
313242,North Indian
313242,Chinese
309838,North Indian
309838,Mughlai
437,North Indian
437,Mughlai
437,Chinese
18303851,North Indian
18303851,Chinese
18303851,Mughlai
307500,Bakery
736,Fast Food
18294230,North Indian
7851,North Indian
7851,Mughlai
7851,Chinese
2437,Italian
573,Chinese
573,Thai
9706,Cafe
9706,Italian
1507,Bakery
1507,Desserts
1507,Fast Food
302655,Lebanese
302655,Arabian
705,Ice Cream
1395,Cafe
1395,Italian
1395,Chinese
18418273,Mughlai
18418273,Fast Food
2067,Desserts
3492,North Indian
3492,Mughlai
3492,Chinese
576,Biryani
576,North Indian
576,Mughlai
311211,Continental
311211,American
311211,Asian
311211,North Indian
311661,Fast Food
311661,Turkish
566,Chinese
566,Thai
556,Burger
556,Fast Food
18322644,North Indian
18322644,Mughlai
17953931,North Indian
17953931,Continental
17953931,Chinese
17953931,Italian
18396187,Bakery
18396187,Desserts
730,North Indian
730,Mughlai
730,Kashmiri
18247032,Chinese
18247032,Japanese
18247032,Thai
570,Seafood
570,Continental
570,European
760,Italian
134,North Indian
134,Mughlai
134,Chinese
3039,North Indian
3039,Fast Food
310816,Italian
310816,Pizza
304735,Cafe
304735,Bakery
306,North Indian
306,Chinese
312586,American
312586,Fast Food
312586,Salad
312586,Healthy Food
451,North Indian
451,Chinese
451,South Indian
451,Seafood
451,Chettinad
18254518,North Indian
18254518,Chinese
18254518,Continental
18419886,Biryani
8987,North Indian
18472678,North Indian
9879,Chinese
18472675,North Indian
18472675,Fast Food
18355127,Mughlai
18357956,Chinese
9569,North Indian
9569,Mughlai
305269,Italian
305269,French
18415346,Cafe
18415346,Continental
18415346,Italian
4268,Bakery
4268,Fast Food
18350143,North Indian
18350143,Mughlai
18161723,Modern Indian
18232097,Cafe
18232097,Healthy Food
18232097,Continental
309882,Rajasthani
303215,Ice Cream
18400744,Continental
18400744,Asian
18400744,Sushi
312567,North Indian
312567,Hyderabadi
312567,Kashmiri
312567,Chinese
305,South Indian
305,North Indian
305,Chinese
18363787,North Indian
18363787,Chinese
305646,Bakery
305646,Desserts
18419649,Street Food
18419649,Mithai
18313109,Bakery
18313109,Fast Food
18478723,North Indian
18478723,Chinese
18478723,South Indian
18348614,South Indian
18348614,Chinese
18348614,Continental
6953,North Indian
7691,Cafe
3252,North Indian
3252,Chinese
18400732,Cafe
18400732,North Indian
18400732,Chinese
18337757,Cafe
18337757,Continental
18337757,Chinese
9014,Cafe
9453,Cafe
18273614,North Indian
18273614,South Indian
18273614,Chinese
18273614,Street Food
18273614,Fast Food
6625,Pizza
6625,Fast Food
300869,Bakery
300869,Desserts
18256980,North Indian
18256980,Fast Food
18256980,Chinese
2279,North Indian
2279,Chinese
307894,Raw Meats
307894,North Indian
307894,Fast Food
6949,Bakery
6949,Fast Food
311962,Chinese
311962,Continental
311962,North Indian
9433,Mithai
4065,North Indian
5767,North Indian
7681,Korean
18395106,North Indian
5436,Chinese
5436,Fast Food
18370586,Mughlai
306847,North Indian
306847,Mughlai
306847,Chinese
4857,Italian
4857,Pizza
4857,Fast Food
4088,Chinese
9969,Finger Food
9969,North Indian
9969,Italian
307106,Fast Food
5909,Bakery
5909,Fast Food
2287,North Indian
2287,Chinese
2287,South Indian
2287,Fast Food
2288,Chinese
2288,Beverages
312391,North Indian
312391,Chinese
302370,North Indian
302370,Chinese
302370,Mughlai
9779,South Indian
307387,Fast Food
18350499,Chinese
2290,North Indian
2290,Chinese
2290,Fast Food
18161577,Cafe
18161577,Continental
18161577,Chinese
18161577,Italian
6647,Bakery
6647,Fast Food
313267,Bakery
5455,Ice Cream
5455,Desserts
3401,North Indian
3401,Chinese
3401,Cafe
18456762,North Indian
18456762,Continental
18456762,Chinese
18456762,Italian
18456762,Lebanese
4825,Chinese
4825,North Indian
4825,Fast Food
4825,Italian
311674,Cafe
311674,Chinese
311674,Italian
6646,North Indian
6646,Chinese
304307,Cafe
304307,Fast Food
304307,Italian
304307,Chinese
18421487,Mughlai
18277324,Beverages
18455950,Fast Food
18455950,Italian
18463988,Chinese
18463988,Fast Food
18463995,Cafe
18426904,Street Food
18124356,Chinese
18420653,North Indian
18432553,Chinese
18388132,North Indian
18388132,South Indian
6608,North Indian
300883,South Indian
300883,North Indian
300883,Chinese
3036,Italian
3036,Pizza
3036,Bakery
18342940,Cafe
6144,North Indian
6144,Chinese
6144,Cafe
18365861,Ice Cream
18365861,Desserts
18365861,Beverages
304262,Cafe
304262,Mexican
304262,American
304262,Italian
304262,Lebanese
304262,Continental
312345,Cafe
312345,Italian
312345,Continental
312345,Chinese
306407,Cafe
306407,Italian
306407,Continental
7777,Assamese
7777,Chinese
3167,North Indian
3167,Mughlai
302555,South Indian
309841,Goan
3158,North Indian
3158,Chinese
3158,South Indian
7814,Oriya
7770,Rajasthani
7770,North Indian
7789,Chinese
302537,Kashmiri
7790,Chinese
7790,North Indian
7790,Fast Food
18025092,Bihari
7768,Bengali
7768,North Indian
7768,Chinese
302264,Maharashtrian
300975,Chinese
300975,Fast Food
7772,Chinese
7834,Desserts
7834,Ice Cream
7834,North Indian
302542,Chinese
302542,Naga
7774,North Indian
7769,Chinese
7769,Tibetan
7788,North Indian
309037,Mithai
309037,Street Food
18454058,North Indian
18454058,Mughlai
18454058,Chinese
312579,Mughlai
312579,North Indian
18398753,Healthy Food
301313,North Indian
301305,Chinese
301305,Fast Food
18124346,North Indian
310664,North Indian
310664,Chinese
310664,Mughlai
6266,North Indian
5060,Pizza
5060,Fast Food
312566,North Indian
18368621,Fast Food
18368621,Beverages
310319,South Indian
310319,North Indian
302497,North Indian
302528,Fast Food
302528,Burger
305209,South Indian
313046,North Indian
313046,Chinese
313046,Continental
313473,Pizza
313473,Fast Food
9817,North Indian
9817,South Indian
18255138,Raw Meats
18255138,Fast Food
309727,North Indian
309727,Chinese
18204499,North Indian
18204499,Mughlai
311187,Fast Food
311187,North Indian
311187,South Indian
311187,Chinese
301498,South Indian
18378033,Mughlai
309043,Bakery
309043,Fast Food
308509,Chinese
6242,North Indian
6242,Chinese
303994,North Indian
303994,Chinese
9002,North Indian
9002,South Indian
9002,Chinese
9002,Street Food
9002,Fast Food
9002,Mithai
9002,Desserts
307364,Italian
307364,Pizza
307364,Fast Food
18265385,Mithai
18265385,Street Food
18424632,North Indian
301316,North Indian
18378032,North Indian
18128881,Fast Food
18378035,North Indian
18435806,Chinese
18471239,Italian
18435819,Mughlai
18435819,Chinese
18376475,Chinese
18378043,Pizza
18424636,Fast Food
18424625,Fast Food
18377889,Mughlai
18435822,North Indian
18429577,North Indian
18424642,Chinese
18424642,North Indian
18378039,Pizza
18378037,North Indian
311037,North Indian
18435816,Chinese
18435816,North Indian
18128868,Chinese
18128868,North Indian
18350160,North Indian
18350160,Chinese
18378030,Chinese
18209806,North Indian
18153563,Italian
18153563,Pizza
18153563,Bakery
357,North Indian
357,Chinese
8453,Fast Food
306856,North Indian
306856,Chinese
306856,Fast Food
18332009,Mexican
18332009,North Indian
18332009,European
18332009,Chinese
18332009,Italian
6875,Bakery
6875,Fast Food
2530,North Indian
2530,Chinese
5260,Cafe
3224,Pizza
3224,Fast Food
5293,Ice Cream
307578,Fast Food
307578,Burger
18445798,Fast Food
4919,Cafe
4919,Continental
4921,Thai
4921,Chinese
4921,Asian
4921,Malaysian
307321,Middle Eastern
307321,Mediterranean
307321,North Indian
2616,North Indian
302212,Fast Food
3814,Lebanese
3814,Mediterranean
3814,Arabian
8201,Burger
8201,Desserts
8201,Fast Food
306571,Bakery
306571,Italian
306571,Chinese
306571,Mexican
2300,Street Food
2300,North Indian
2300,South Indian
2300,Chinese
2300,Mithai
3719,American
3719,Tex-Mex
9720,Finger Food
9720,North Indian
9720,Italian
3192,Italian
3192,Continental
3192,European
3192,Cafe
305781,Desserts
305781,Cafe
18337927,Fast Food
2615,North Indian
2893,Fast Food
18237314,Cafe
18237314,Tea
2436,Desserts
2436,Cafe
306572,Bakery
306572,Italian
306572,Chinese
306572,Mexican
2301,North Indian
2301,South Indian
2301,Chinese
2301,Street Food
2301,Fast Food
2301,Mithai
2301,Desserts
312542,Beverages
310887,Desserts
310887,Beverages
7256,Bakery
7256,Desserts
7256,Fast Food
8593,Desserts
311353,Cafe
311423,Finger Food
311423,North Indian
311423,Italian
7247,American
7247,Fast Food
7247,Desserts
8396,Pizza
8396,Fast Food
308544,Chinese
308544,Seafood
301237,Bakery
300408,North Indian
300408,South Indian
300408,Chinese
300408,Street Food
300408,Fast Food
300408,Mithai
300408,Desserts
9657,Fast Food
9657,Burger
18370535,North Indian
18370535,Indian
307167,American
307167,Fast Food
307167,Salad
307167,Healthy Food
303264,Fast Food
303264,North Indian
311712,North Indian
9886,Mithai
9891,North Indian
9891,Mughlai
9891,Chinese
9887,Street Food
9887,South Indian
9887,Mithai
7893,Cafe
18266888,North Indian
18266888,Chinese
18266888,South Indian
7884,North Indian
7884,Chinese
18377458,Healthy Food
7897,Bakery
18391937,Fast Food
7888,Chinese
18037834,Bakery
312605,Biryani
312605,Mughlai
7876,North Indian
18358157,North Indian
18358157,Italian
18358157,Chinese
18358157,Fast Food
18272344,Bakery
18272344,Desserts
18458308,Bihari
4302,North Indian
4302,Mughlai
4302,Chinese
7886,North Indian
7873,North Indian
7873,Mughlai
303625,North Indian
303625,South Indian
310794,Raw Meats
310794,Fast Food
920,North Indian
18381237,North Indian
18381237,Mughlai
18381237,Chinese
18371426,Maharashtrian
312173,Chinese
312173,Mughlai
312173,North Indian
18361752,North Indian
9883,Street Food
9883,Mithai
18355117,Mughlai
18355119,Afghani
18355119,Mughlai
18355119,Chinese
18414496,North Indian
18414496,Mithai
18380379,Mughlai
18380379,Chinese
18409218,Fast Food
18409218,Pizza
18432652,Chinese
18432652,North Indian
18388133,North Indian
18423121,Pizza
18423121,Fast Food
305402,Bakery
305402,Desserts
18415664,Bakery
18356776,North Indian
18427222,Fast Food
9884,North Indian
18425767,Awadhi
18425767,Mughlai
18425767,North Indian
3479,North Indian
18414469,Mughlai
18414469,Chinese
313419,North Indian
313419,Mughlai
313419,Chinese
18358162,Chinese
18355111,Street Food
18355111,Chinese
18355115,Chinese
18273617,North Indian
18357958,Fast Food
18331598,North Indian
18331598,Chinese
18331598,Fast Food
18419884,Chinese
18419884,Lucknowi
18362795,North Indian
9876,Fast Food
9876,Street Food
18312598,Bakery
18312598,Desserts
18454461,Biryani
8959,Chinese
8959,Thai
8959,Asian
8959,Malaysian
8959,Vietnamese
8959,Japanese
304176,Bakery
8822,North Indian
8822,Chinese
8822,South Indian
511,Cafe
309166,Ice Cream
18268708,Fast Food
18268708,North Indian
18265722,North Indian
18265722,Mughlai
18265722,Chinese
18265722,Seafood
18453878,North Indian
18453878,Chinese
309013,Fast Food
309013,Cafe
305077,Fast Food
5262,Cafe
7375,Chinese
18337880,North Indian
18337880,Mughlai
18337880,Chinese
306978,Desserts
18312478,Bakery
18312478,Desserts
3979,Raw Meats
3979,Fast Food
18336207,Cafe
7377,North Indian
7377,Mughlai
7377,Continental
307506,Raw Meats
307506,North Indian
307506,Fast Food
3125,North Indian
305674,North Indian
305674,Mughlai
305674,Chinese
18391167,Beverages
8727,Raw Meats
8727,Fast Food
3980,North Indian
312183,Chinese
312183,Cafe
312183,Fast Food
311945,North Indian
3126,North Indian
3126,Chinese
3126,Mughlai
18475269,Continental
18475269,Chinese
18475269,North Indian
18475269,Healthy Food
303124,Fast Food
303124,North Indian
18034042,Chinese
18034042,Fast Food
201,Pizza
201,Fast Food
303575,Burger
303575,Desserts
303575,Fast Food
410,South Indian
308107,North Indian
4885,Chinese
4885,Seafood
18273627,Continental
18273627,Healthy Food
311539,Chinese
311539,Fast Food
2635,Chinese
2635,Thai
2635,Seafood
18237962,North Indian
18237962,Fast Food
18237962,Mughlai
18261486,Healthy Food
18261486,Fast Food
18423116,Mithai
18423112,Street Food
18258777,Cafe
18258777,Continental
18491227,North Indian
18491227,Rajasthani
18491227,Gujarati
304531,North Indian
18420433,Cafe
17977786,Fast Food
18412868,North Indian
18412868,Chinese
18412868,Fast Food
311216,Bakery
311327,Fast Food
311327,Burger
7372,Bakery
7372,Fast Food
306016,Cafe
304906,Pizza
18447890,Desserts
18375391,Ice Cream
18355123,Juices
304915,Mughlai
304915,North Indian
304913,North Indian
304913,Mughlai
304913,Chinese
304923,South Indian
309738,Chinese
18261188,Cafe
18261188,Tea
18336192,Chinese
18336192,Thai
18336192,Asian
18277187,Beverages
18381663,North Indian
18381663,Mughlai
304917,North Indian
304917,Street Food
306031,American
306031,Fast Food
306031,Salad
306031,Healthy Food
18180083,Fast Food
18336213,Portuguese
18336213,African
304239,European
304239,Italian
304239,North Indian
18294261,European
18294261,Chinese
18294261,North Indian
18294261,Italian
305240,Finger Food
305240,Italian
305240,North Indian
304299,Italian
304299,Mediterranean
304299,Continental
304299,North Indian
305547,Cafe
305545,Continental
305545,North Indian
305545,Italian
305549,Finger Food
305546,Bakery
305546,Fast Food
305548,Chinese
9640,Bakery
9640,Desserts
9640,Fast Food
6200,North Indian
6200,Chinese
6200,Continental
6200,Seafood
18128883,Mediterranean
18128883,Continental
18128883,Italian
305810,North Indian
4631,South Indian
4631,Andhra
302682,Cafe
2004,Modern Indian
18359294,North Indian
18359294,Chinese
18359292,Italian
18441790,Ice Cream
18441790,Desserts
4283,European
4283,Italian
4283,North Indian
18335816,Ice Cream
17977792,North Indian
17977792,Chinese
301214,North Indian
301214,Mughlai
301214,Chinese
312227,Chinese
303860,Chinese
303860,South Indian
18244236,Fast Food
305577,North Indian
18014118,Ice Cream
18014118,Fast Food
18014118,Beverages
5996,North Indian
5996,South Indian
5996,Chinese
5996,Fast Food
313487,North Indian
313004,Mughlai
312942,North Indian
309168,Chinese
308994,North Indian
308994,Street Food
312943,North Indian
18455553,North Indian
18377929,North Indian
18472628,North Indian
18435335,Chinese
18435787,North Indian
18435331,Chinese
18364846,Chinese
18438446,South Indian
18446496,North Indian
18454568,North Indian
18421462,North Indian
18435303,Street Food
18435314,North Indian
18435315,Chinese
18435315,North Indian
18418234,North Indian
18421470,North Indian
18421470,Chinese
18472613,Seafood
18472613,Mughlai
18472613,North Indian
18435307,Street Food
18378015,North Indian
18460925,North Indian
18460925,South Indian
18460925,Chinese
9909,North Indian
9909,Chinese
18423111,Burger
18423111,Fast Food
18469938,European
18469938,Sushi
18469938,Italian
651,Cafe
17953916,Fast Food
18168168,Mughlai
18168168,North Indian
7589,Fast Food
7589,Beverages
1934,Chinese
1934,South Indian
1934,Fast Food
4385,Chinese
4385,Thai
309477,North Indian
309477,Fast Food
309477,Continental
9835,Kashmiri
9835,Chinese
9835,Mughlai
147,American
147,Fast Food
147,Salad
147,Healthy Food
18237320,North Indian
18237320,Continental
9980,Chinese
9980,Healthy Food
732,Fast Food
311515,North Indian
311515,Continental
311515,Fast Food
309520,Bakery
309520,Desserts
18400736,Burger
18400736,American
18400736,Fast Food
18400736,Italian
18400736,Pizza
18255193,Desserts
18255193,Bakery
311584,Pizza
311584,Italian
702,Ice Cream
18313122,Bakery
18313122,Desserts
309156,Bakery
309156,Desserts
309156,Fast Food
18268706,Burger
18268706,American
18268706,Fast Food
18415352,Cafe
3620,European
3620,Italian
1902,Cafe
1902,Italian
1902,Lebanese
18434596,Healthy Food
18434596,Continental
311671,American
311671,Fast Food
2653,Desserts
18377926,Chinese
309820,Fast Food
309820,Turkish
18034050,North Indian
18034050,Continental
18034050,Italian
18034050,Finger Food
18382372,Desserts
302478,Bakery
302478,Desserts
18466978,Continental
18466978,North Indian
9840,North Indian
9840,Continental
18279463,Fast Food
18279463,American
18279463,Italian
18317517,Mexican
18317517,Italian
18317517,American
1215,North Indian
1215,Mughlai
18241531,British
18241531,Chinese
18241531,Italian
3589,Desserts
1056,North Indian
1056,Mughlai
5797,Street Food
300007,Burmese
300007,Chinese
300007,Japanese
300007,Malaysian
300007,Thai
303288,Cafe
18371438,Thai
308766,Bakery
308766,Desserts
18203180,Continental
18203180,North Indian
18203180,Asian
305166,Fast Food
18291475,South Indian
311737,Cafe
18363391,American
18363391,Mexican
18363391,Finger Food
18271497,Bakery
18271497,Desserts
18456728,Continental
18456728,Chinese
18456728,Thai
310776,European
310776,Asian
310776,North Indian
310776,Italian
310776,Continental
310776,Pizza
18456764,Asian
18456764,Chinese
18456764,Thai
18418209,Nepalese
18382342,Chinese
18382342,Thai
18382342,Japanese
312302,Healthy Food
18312632,Asian
18386761,Continental
18386761,Italian
307065,Cafe
307065,Italian
307065,Continental
307065,Fast Food
9834,North Indian
9834,Mughlai
18025105,Italian
18396409,Desserts
18396409,Fast Food
18365895,North Indian
18365895,Continental
308865,Bakery
308865,Desserts
18278203,Bakery
18278203,Desserts
305652,North Indian
4299,Bakery
4299,Desserts
4299,Fast Food
18423108,Cafe
18423108,Fast Food
18423108,Continental
17953926,Bakery
17953926,Fast Food
310321,North Indian
310321,Chinese
310321,Continental
310321,Italian
69,Chinese
69,Thai
69,Seafood
202,Pizza
202,Fast Food
309902,Desserts
309902,Bakery
1916,Mithai
1916,Street Food
5735,Bakery
5735,Desserts
5735,Ice Cream
2591,North Indian
306264,North Indian
306264,Chinese
306264,Continental
305817,North Indian
305817,Mughlai
18432940,Bakery
311690,North Indian
311690,Italian
311690,Chinese
309072,Chinese
309072,Thai
18277002,North Indian
18277002,Mughlai
18277002,Chinese
18433883,Fast Food
301435,South Indian
301435,North Indian
18352256,Ice Cream
308367,American
308367,Fast Food
308367,Salad
308367,Healthy Food
309741,Finger Food
309741,North Indian
309741,Italian
18241869,Modern Indian
305125,Italian
312270,Bakery
312270,Desserts
18249082,North Indian
18249082,Biryani
18279452,Chinese
18279452,Thai
18279452,Fast Food
305303,North Indian
305303,South Indian
305303,Fast Food
305303,Street Food
305303,Chinese
305303,Beverages
305303,Desserts
305303,Mithai
18354645,Cafe
18354645,Tea
1218,Chinese
8429,Bakery
8429,Desserts
8429,Fast Food
7819,Desserts
785,Cafe
312486,North Indian
312486,Bengali
1922,Chinese
1922,Thai
7642,Bakery
7642,Fast Food
64,Italian
18413250,Continental
18413250,Italian
312787,American
312787,Italian
312787,Mughlai
312787,North Indian
3611,Ice Cream
3611,Desserts
309815,Chinese
309815,Asian
309815,Thai
1018,Chinese
8689,North Indian
8689,Mughlai
18383512,Ice Cream
18383512,Desserts
308238,Pizza
308238,Fast Food
5944,Desserts
5944,Ice Cream
285,North Indian
304635,Healthy Food
304635,Continental
304635,Juices
304635,Salad
1021,Bakery
1021,Desserts
1021,Fast Food
307532,Cafe
1913,North Indian
1913,Chinese
1913,South Indian
1913,Seafood
1913,Chettinad
311601,Healthy Food
18254553,Mexican
4821,Continental
4821,North Indian
4821,Italian
308018,Tibetan
308018,Nepalese
310342,North Indian
310342,Continental
310342,Chinese
307344,Lebanese
307344,Chinese
307344,Fast Food
307801,Italian
18462002,Turkish
18462002,Mediterranean
18462002,Middle Eastern
18208886,South Indian
18435305,North Indian
18435305,Italian
18435305,Continental
18260641,North Indian
18260641,Mughlai
18349921,Sushi
18380149,Continental
2649,Bakery
2649,Desserts
601,Cafe
18462572,Continental
18462572,North Indian
18462572,Asian
309105,North Indian
309105,Mughlai
18089222,North Indian
18089222,Mediterranean
18089222,Continental
309688,Bakery
309688,Desserts
18334422,Ice Cream
18365388,Biryani
18312607,Cafe
309322,Bakery
309322,Desserts
18429154,Chinese
18429154,Thai
18429154,Seafood
18336220,Pizza
203,Pizza
203,Fast Food
18414479,North Indian
18414479,Fast Food
1625,North Indian
2899,Mughlai
2899,North Indian
18180081,North Indian
18180081,Fast Food
473,South Indian
18355419,Mexican
18432237,Pizza
18432237,Fast Food
259,Italian
259,Pizza
259,Fast Food
7316,North Indian
7316,Chinese
18222566,Italian
18222566,North Indian
443,North Indian
443,Mughlai
308315,North Indian
308315,Continental
308315,Chinese
769,South Indian
769,North Indian
769,Street Food
769,Chinese
769,Mithai
312011,Bakery
312011,Desserts
65,Chinese
65,Seafood
65,Thai
9672,Burger
9672,Desserts
9672,Fast Food
472,South Indian
472,North Indian
472,Chinese
472,Fast Food
472,Street Food
472,Mithai
3400,Korean
18337744,Beverages
18268360,Bakery
18268360,Desserts
18268360,Fast Food
4096,Chinese
4096,Thai
4096,Seafood
4096,Naga
18358700,Cafe
2217,Japanese
18398571,Cafe
1621,North Indian
1621,Mughlai
1621,Chinese
18425177,Biryani
18425177,Mughlai
18481289,Tea
18481289,Fast Food
18424593,Street Food
18383432,Bakery
18383432,Desserts
18412904,Tea
18481294,Juices
18354330,Fast Food
304230,Bakery
18372315,North Indian
18372315,Chinese
18430894,Bakery
18430894,Desserts
18250897,Bakery
18261052,Chinese
3468,Chinese
3468,Fast Food
18463949,Thai
18463949,Chinese
310949,Mithai
310949,Street Food
310949,Fast Food
18356808,Cafe
18361758,Beverages
312755,North Indian
312755,Fast Food
18241525,North Indian
18241525,Chinese
18241525,Continental
18241525,Italian
313492,North Indian
313492,Chinese
18472658,North Indian
18472658,Chinese
18472658,Continental
18418248,North Indian
18427869,Raw Meats
18427869,Fast Food
18427869,North Indian
310948,Raw Meats
310948,Fast Food
18463997,Fast Food
18337898,North Indian
18427234,Cafe
18427234,Chinese
18427234,Italian
18382697,Healthy Food
18382697,Juices
18382697,Salad
18400720,North Indian
18400720,Continental
18400720,Italian
3363,North Indian
3363,Mughlai
3363,Chinese
310592,North Indian
310592,Chinese
310592,Continental
310592,Italian
18455511,North Indian
18361763,Biryani
18124350,Fast Food
18124350,Chinese
18408045,North Indian
18408045,Finger Food
18455515,Fast Food
18489838,North Indian
18489838,Italian
18489838,Chinese
18441835,Chinese
18441835,Fast Food
18361202,Chinese
18361202,Fast Food
18463978,Fast Food
18124389,North Indian
18492048,North Indian
18492048,Chinese
18492048,Continental
18463985,Street Food
18124352,North Indian
9442,North Indian
18361755,North Indian
18455513,North Indian
18455513,Mughlai
18481309,North Indian
18481309,Continental
18481309,Chinese
18499482,Cafe
18499482,Continental
18499482,Chinese
18446394,Fast Food
18446394,Street Food
18446394,Beverages
18431175,Fast Food
18375397,Cafe
18375397,Fast Food
18375397,Italian
6628,North Indian
6628,Chinese
4079,North Indian
4079,Chinese
9392,North Indian
9392,Mughlai
9386,Mithai
312400,Mithai
312400,Street Food
312400,North Indian
312400,South Indian
312400,Chinese
312400,Fast Food
312400,Beverages
310982,North Indian
310982,Mughlai
9421,Ice Cream
9421,Desserts
1147,Mughlai
1147,North Indian
1147,Chinese
18057825,North Indian
18444811,Chinese
18444811,Fast Food
9366,Chinese
18361754,North Indian
18361754,Mughlai
18245254,North Indian
18245254,Chinese
18219524,North Indian
305276,Bakery
312355,North Indian
6599,Mughlai
300022,Bakery
300022,Desserts
300022,Fast Food
6605,Fast Food
6605,Street Food
18034044,Fast Food
18034044,Italian
300946,Fast Food
18457090,North Indian
18457090,Chinese
18457090,Continental
310409,Fast Food
307228,Mughlai
18464633,North Indian
18358668,Street Food
18358668,Chinese
18361743,Ice Cream
18245285,Street Food
18245285,Fast Food
18364336,Bakery
18364336,Desserts
18358207,North Indian
18358207,Chinese
312357,North Indian
312357,Continental
18464627,Fast Food
18431125,North Indian
18431125,Chinese
18361741,Beverages
18361741,Desserts
18464621,Street Food
18449634,North Indian
18361745,Raw Meats
18361745,Fast Food
18124390,North Indian
18464637,North Indian
18464637,Mughlai
5897,Fast Food
18381236,Bakery
18381236,Desserts
18416840,Bakery
18222563,European
18222563,Continental
18449796,American
18471243,Cafe
652,Cafe
9841,Bakery
9841,Fast Food
313482,American
313482,Fast Food
308599,Street Food
807,North Indian
807,Mughlai
807,Chinese
18423871,Chinese
308188,South Indian
3156,Ice Cream
3156,Desserts
306319,North Indian
306319,Biryani
306319,Mughlai
311033,Raw Meats
311033,North Indian
311033,Fast Food
4250,Chinese
300607,North Indian
300607,Chinese
300607,Mughlai
301325,North Indian
308277,Chinese
308277,Fast Food
301328,North Indian
301328,Continental
301328,Fast Food
18313482,Bengali
18287406,Mughlai
18354624,Fast Food
307025,North Indian
18469980,Bakery
18469980,Desserts
309593,Chinese
18252376,Ice Cream
18252376,Desserts
312809,North Indian
312809,Mughlai
312809,Chinese
304546,North Indian
301327,North Indian
301327,Chinese
303170,Chinese
306658,Biryani
306658,North Indian
300564,Bakery
300564,Desserts
300564,Fast Food
5630,South Indian
306511,North Indian
306511,Chinese
306511,Fast Food
306247,American
306247,Fast Food
306247,Salad
306247,Healthy Food
18245263,Chinese
18245263,Fast Food
305040,Fast Food
305040,North Indian
673,Fast Food
673,Burger
304542,North Indian
304542,Mughlai
304542,Chinese
18349919,Ice Cream
4251,Cafe
4251,Fast Food
4251,North Indian
305736,Cafe
308257,Naga
18359259,Ice Cream
18335682,Bakery
303716,Bakery
303716,Desserts
18430873,Fast Food
18430873,Beverages
18440414,Continental
18440414,Cafe
5267,South Indian
310259,South Indian
310259,Chinese
18402768,South Indian
18402768,Kerala
18418258,North Indian
18418258,Continental
18418258,Asian
18418258,Italian
18427205,Fast Food
18472618,North Indian
18472618,Chinese
18424902,North Indian
18427209,Street Food
18336472,Chinese
18336472,North Indian
18163900,Chinese
18163900,Fast Food
18425757,North Indian
18427218,North Indian
18352684,North Indian
18423135,North Indian
18472605,Fast Food
18224537,Desserts
18224537,Bakery
18494204,Fast Food
18494204,Street Food
18425738,North Indian
18418229,Cafe
18418229,Mexican
18418229,Continental
18425748,South Indian
18425748,Chinese
18287398,Fast Food
18436439,Desserts
18436439,Fast Food
18365575,Vietnamese
307490,Italian
307490,Continental
301001,Italian
301001,North Indian
301001,Continental
8369,Continental
8369,American
8369,Italian
304296,North Indian
304296,Italian
304296,Continental
304296,Chinese
18082196,Chinese
307931,Continental
307931,Kerala
313304,Cafe
313304,Tea
5732,Continental
5732,American
5732,Italian
5732,Bakery
301131,Continental
301131,Asian
301131,Italian
301131,Mediterranean
301131,Burger
312437,American
312437,Continental
312437,North Indian
312437,Chinese
301442,Mediterranean
301442,Italian
301442,Continental
301442,Spanish
301442,North Indian
301574,Cafe
301574,Desserts
308463,Continental
308463,Tex-Mex
304027,North Indian
304027,Chinese
304027,Thai
304027,Italian
304027,Middle Eastern
307330,Continental
307330,Italian
306334,Pizza
306334,Fast Food
5030,American
5030,North Indian
5030,European
5030,Asian
8893,Continental
8893,Italian
308322,Continental
308322,American
308322,Asian
308322,North Indian
3392,Cafe
18408040,European
18408040,Chinese
18408040,North Indian
18408040,Italian
307360,American
307360,British
307360,Continental
89,South Indian
18208924,North Indian
303092,European
303092,Italian
303092,Cafe
307436,Bakery
306510,Continental
306510,Chinese
306510,Thai
306510,Mediterranean
312801,Japanese
312801,Chinese
312801,Asian
312801,Thai
3293,Finger Food
422,North Indian
422,Kashmiri
422,Chinese
422,Thai
422,Korean
3260,Finger Food
3260,North Indian
3260,Chinese
1267,North Indian
18273067,North Indian
18273067,Continental
18273067,South Indian
18273067,Chinese
18312623,North Indian
308069,Cafe
308068,North Indian
308068,Chinese
4367,Continental
4367,North Indian
4367,Italian
4364,Continental
4364,Chinese
4364,Japanese
4364,North Indian
4364,Thai
310365,Finger Food
4366,Seafood
4366,Chinese
4366,Japanese
4366,Sushi
4366,Thai
4365,Cafe
18419892,Finger Food
18419892,Italian
4357,Cafe
4357,Continental
4357,North Indian
3379,Italian
3264,Finger Food
4368,Bakery
4368,Cafe
4356,Japanese
4356,Thai
4356,Sushi
3378,Chinese
310032,North Indian
18481317,Ice Cream
18481317,Desserts
18436483,Bakery
18436483,Desserts
18245249,North Indian
18245249,Mughlai
18245249,Chinese
18245249,South Indian
301448,Kerala
301448,Biryani
18425152,Chinese
18425152,Fast Food
312231,South Indian
312231,North Indian
312231,Chinese
312231,Mughlai
18057802,South Indian
307622,North Indian
307622,Maharashtrian
18475283,Kashmiri
18481278,North Indian
311546,South Indian
311546,North Indian
311546,Chinese
1546,North Indian
1546,Chinese
4673,North Indian
4673,Mughlai
4673,Chinese
18440187,North Indian
18440187,Chinese
304304,North Indian
304304,Continental
18107859,South Indian
303582,Fast Food
303582,Desserts
306595,Bakery
305348,Street Food
303586,Bakery
303586,Fast Food
18289231,Chinese
9803,North Indian
9803,Chinese
3700,North Indian
3700,South Indian
3700,Chinese
3700,Fast Food
3093,North Indian
3093,Chinese
308849,South Indian
301149,Mithai
301149,Street Food
305159,North Indian
305159,Fast Food
305159,Chinese
6256,North Indian
6256,Mughlai
6256,Chinese
18258483,North Indian
18258483,Chinese
9806,Bakery
303590,North Indian
311263,North Indian
311263,Mughlai
303592,Mithai
303592,South Indian
303592,Street Food
18228856,Fast Food
18228856,Chinese
18308458,Desserts
18308458,Ice Cream
18378062,North Indian
18378062,Chinese
18464687,Desserts
18428622,Bakery
18428622,Desserts
18432941,North Indian
18432941,Chinese
18432941,Mughlai
18264980,Chinese
18264980,South Indian
18264980,Fast Food
18378025,North Indian
18493572,Bakery
18493572,Healthy Food
18441696,North Indian
18421488,Mithai
308853,Bakery
308853,Desserts
312864,North Indian
18492957,Bakery
18492957,Desserts
18439029,Kerala
18439029,South Indian
18441698,Street Food
18440175,North Indian
18258502,Bakery
18258502,Fast Food
18440143,Biryani
18460414,Italian
18460414,Fast Food
18377928,North Indian
18377928,Chinese
6777,North Indian
6777,Chinese
6777,Mughlai
8376,Pizza
8376,Fast Food
8619,North Indian
8619,Chinese
8619,South Indian
8619,Street Food
8619,Mithai
18228125,Bakery
18228125,Desserts
306026,Finger Food
302636,Bakery
302636,Desserts
18376494,Desserts
18376494,Ice Cream
2745,Drinks Only
2742,North Indian
309548,Asian
309548,Japanese
309548,Korean
309548,Thai
309548,Chinese
311078,North Indian
18144464,North Indian
311117,Fast Food
311117,Burger
303261,South Indian
303261,Chinese
18037812,Fast Food
18037793,Fast Food
301818,Chinese
301818,Fast Food
18427235,North Indian
307002,Street Food
18037806,Cafe
309087,Chinese
18367977,Chinese
18367977,Mughlai
18367977,North Indian
1106,North Indian
301857,North Indian
302836,Desserts
302836,Street Food
18279090,Chinese
300502,Bakery
18203169,Ice Cream
18203169,Desserts
306891,Raw Meats
306891,North Indian
306891,Fast Food
6959,North Indian
6959,Fast Food
18282019,Ice Cream
2399,North Indian
5420,Ice Cream
5420,Desserts
8521,North Indian
8521,Chinese
8521,Continental
18292455,North Indian
18292455,Chinese
4000,Mughlai
18241858,Hyderabadi
310732,North Indian
310732,Biryani
300522,North Indian
18408034,Desserts
18408034,Ice Cream
301803,Chinese
301803,Fast Food
18282017,Mughlai
18455615,Mithai
5400,Fast Food
300561,North Indian
300561,Mughlai
301823,North Indian
301823,Mughlai
18282009,North Indian
18282009,Chinese
6978,North Indian
18281946,South Indian
6052,North Indian
6052,Chinese
5965,Bakery
18381639,North Indian
18289278,Chinese
18289278,Mexican
18289278,Italian
308716,Fast Food
306985,North Indian
307861,North Indian
18429381,Mughlai
18429381,Chinese
18366009,Ice Cream
18415357,Fast Food
300501,North Indian
300501,Mughlai
307006,North Indian
18424895,Chinese
18424895,North Indian
18282015,Chinese
18282015,Mithai
306974,North Indian
18431980,Desserts
18429401,Chinese
301822,Chinese
301822,Mithai
18367979,North Indian
18367979,Chinese
18366025,Fast Food
18366025,Chinese
18456774,Mughlai
18456774,Fast Food
18458301,Mughlai
18458301,North Indian
18037794,Biryani
18037794,Mughlai
18454474,North Indian
18454474,Chinese
18245258,Fast Food
17977777,North Indian
17977777,Chinese
17977777,Continental
18349901,North Indian
18349910,Mughlai
304091,North Indian
304091,Mughlai
18420675,Desserts
18420675,Beverages
308014,North Indian
308014,Mughlai
18291241,Mughlai
18336178,Mughlai
18454466,Mughlai
993,Mughlai
993,North Indian
305598,Mughlai
18336494,Biryani
18340727,Mughlai
308001,Mithai
18396855,Continental
18396855,North Indian
18396855,Mughlai
18396855,Chinese
18261688,Mughlai
18208922,Mithai
18208922,Street Food
18308432,Mughlai
18408050,North Indian
18349897,Bakery
18336488,North Indian
18336488,Mughlai
18454468,North Indian
18451575,North Indian
18079620,Desserts
18079620,Beverages
304617,Mughlai
463,Mughlai
463,North Indian
18291442,Mughlai
300430,North Indian
300430,South Indian
300430,Chinese
300430,Street Food
533,Cafe
18365984,Biryani
18057812,North Indian
18057812,Chinese
7012,Cafe
313194,North Indian
313194,Chinese
18466975,North Indian
18466975,Chinese
8365,Pizza
8365,Fast Food
307699,North Indian
307699,Chinese
305723,North Indian
18175283,North Indian
18175283,South Indian
18175283,Street Food
18175283,Fast Food
18175283,Mithai
4018,North Indian
4018,Mughlai
4018,Chinese
4019,North Indian
4019,Chinese
482,North Indian
482,Mughlai
482,Chinese
355,North Indian
355,South Indian
355,Chinese
355,Fast Food
1104,Bakery
1104,Fast Food
300994,Bakery
300994,Fast Food
310691,North Indian
310691,Chinese
303247,Italian
303247,Pizza
303247,Bakery
311616,American
311616,Fast Food
311616,Salad
311616,Healthy Food
7025,Bengali
7025,North Indian
301335,Cafe
4016,Chinese
4016,Mughlai
18238968,North Indian
18238968,Chinese
18175340,North Indian
18175340,Chinese
18175340,Continental
18175340,Fast Food
313498,North Indian
313498,Chinese
18421049,North Indian
18421049,Fast Food
18421049,Italian
18421049,Asian
18345739,Finger Food
18261158,North Indian
18261158,Chinese
4010,Fast Food
309283,Burger
309283,Fast Food
17977755,Bakery
5388,Chinese
5388,North Indian
5388,Thai
4723,Ice Cream
4723,Desserts
311889,Bakery
311922,American
311922,Fast Food
185,Fast Food
185,Burger
18268370,Italian
18268370,Fast Food
4021,North Indian
4021,Mughlai
300527,Fast Food
300527,Street Food
18219547,North Indian
18219547,Chinese
18219547,Mughlai
18412874,Italian
18412874,Chinese
18412874,Fast Food
18412874,North Indian
18244719,North Indian
18244719,Fast Food
18244719,Chinese
18322665,North Indian
18322665,Chinese
7018,Bakery
7018,Fast Food
18446409,North Indian
18446409,Chinese
18446409,Continental
7891,Mithai
7891,Street Food
304445,North Indian
18337922,Bakery
18357562,North Indian
9602,North Indian
9602,Chinese
310305,Chinese
18025100,Chinese
18025100,Fast Food
18355110,North Indian
18355110,Mughlai
18355110,Chinese
18322676,Ice Cream
18322676,Desserts
308488,Raw Meats
308488,North Indian
308488,Fast Food
7874,Mughlai
7874,Afghani
18313115,Street Food
18313115,Mithai
302514,Mithai
302514,Street Food
9573,Fast Food
9573,Burger
7892,Bakery
7892,Fast Food
9568,North Indian
9568,Mughlai
3681,North Indian
3681,Chinese
3681,Fast Food
3337,North Indian
3337,Mughlai
3337,South Indian
310101,North Indian
310101,Afghani
7889,Bakery
7889,Desserts
7889,Fast Food
7879,North Indian
310469,Raw Meats
310469,Fast Food
18449787,Fast Food
303608,North Indian
303608,Chinese
307785,American
307785,Fast Food
307785,Salad
307785,Healthy Food
310100,North Indian
310100,Chinese
310468,Biryani
3339,North Indian
3339,Mughlai
18369763,Pizza
18369763,Fast Food
312949,Bakery
312949,Fast Food
3684,North Indian
3684,Chinese
18463963,Healthy Food
18463963,Continental
18357554,North Indian
310102,North Indian
18243438,North Indian
18419915,North Indian
18419915,Mughlai
18419915,Chinese
18479001,Mughlai
18419906,Chinese
18419906,South Indian
18419911,Kashmiri
18419919,Mithai
18294233,Mughlai
18419901,Chinese
18481273,Afghani
18313119,Mughlai
18486830,Street Food
18453186,North Indian
18453186,Mughlai
18354663,Raw Meats
18354663,Fast Food
18419897,Mughlai
18481322,Chinese
18481322,Fast Food
18357557,South Indian
18357557,Street Food
18357557,Chinese
18025096,North Indian
18286922,North Indian
18458302,North Indian
18447302,South Indian
18447302,Chinese
18447302,Fast Food
300744,North Indian
300744,Mughlai
8509,North Indian
8509,Chinese
3338,Fast Food
18133513,Cafe
18133513,European
619,Cafe
300581,Cafe
300577,Cafe
6174,North Indian
6174,Chinese
300593,North Indian
300593,Chinese
300593,Mughlai
300589,North Indian
300589,Chinese
261,Italian
261,Pizza
261,Fast Food
18400724,Street Food
300591,North Indian
18372578,Finger Food
307371,Kerala
307371,South Indian
300584,North Indian
18462606,North Indian
18462606,Fast Food
18462606,Bihari
18357558,North Indian
18357558,Continental
18345728,Modern Indian
301301,Street Food
18249111,Modern Indian
18249111,North Indian
308280,Cafe
309807,Cafe
309807,Desserts
309807,Healthy Food
309807,Juices
8451,Fast Food
3782,Italian
3782,Mediterranean
18168125,North Indian
18168125,Spanish
18168125,Mediterranean
311982,North Indian
311982,Lebanese
311982,European
311982,Mexican
182,Fast Food
182,Burger
18349923,North Indian
18349923,Continental
311871,Street Food
8911,Finger Food
8911,North Indian
18398618,North Indian
18398618,South Indian
18398618,Street Food
18486847,Cafe
18394362,Bakery
18380392,Chinese
18380392,Fast Food
18380392,Pizza
18458647,North Indian
18458647,Mughlai
18124375,North Indian
18124375,Mughlai
300582,North Indian
300582,South Indian
18306547,American
18306547,Italian
18306547,North Indian
18306547,European
18306547,Thai
18424189,North Indian
18424189,Italian
18424189,Continental
18424189,Asian
899,South Indian
18357911,North Indian
18357911,American
18357911,Chinese
7901,Cafe
309778,North Indian
18359262,Beverages
18359262,Fast Food
18358682,Beverages
18358682,Fast Food
18413811,Chinese
8160,North Indian
8160,Italian
8160,Continental
18240023,Continental
18240023,Italian
306038,Fast Food
18337775,Fast Food
18241514,North Indian
18241514,Mughlai
7912,Italian
7912,Pizza
7912,Fast Food
18387753,Continental
18387753,North Indian
18387753,Chinese
18387753,Mughlai
18387753,Asian
9700,American
9700,Fast Food
9700,Salad
9700,Healthy Food
307342,Japanese
301898,North Indian
301898,Fast Food
18322937,Continental
18322937,North Indian
18322937,Chinese
18322937,Cafe
18303834,Cafe
18241883,Italian
18241883,Mexican
18241883,Lebanese
18241883,Continental
18285180,Chinese
18464001,Fast Food
18464001,Beverages
7908,South Indian
7908,North Indian
7908,Chinese
4503,North Indian
4502,European
4502,Continental
4502,North Indian
4499,Chinese
4235,North Indian
4500,Bakery
4234,European
4234,Continental
4234,North Indian
4501,North Indian
4501,Mughlai
308243,Fast Food
703,Chinese
703,Thai
18334427,Beverages
310529,North Indian
310529,Mughlai
309844,Ice Cream
306034,Fast Food
303604,North Indian
303604,Fast Food
1505,Mithai
1505,Street Food
303583,North Indian
303583,Chinese
18175324,North Indian
18175324,Chinese
18391147,Fast Food
301130,North Indian
301130,Mughlai
301130,Chinese
18354985,Ice Cream
18414503,North Indian
7807,North Indian
7807,South Indian
300887,North Indian
300887,Mughlai
306251,Finger Food
18144453,Bakery
18144453,Desserts
7862,Mithai
7862,Street Food
7857,North Indian
2874,Raw Meats
2874,Fast Food
18458625,North Indian
18252369,North Indian
18252369,Mughlai
18228895,North Indian
18228895,Mughlai
2583,North Indian
2583,Chinese
2583,Italian
304876,North Indian
304876,Italian
304876,Chinese
308407,Healthy Food
308407,Salad
18492050,North Indian
18492050,Mughlai
18492052,North Indian
18492052,South Indian
18492052,Chinese
18492052,Fast Food
18492052,Bakery
18492052,Mithai
18449620,North Indian
18449620,Continental
18449620,Chinese
18452403,North Indian
18452403,Mughlai
18425740,North Indian
18313153,North Indian
18313153,Chinese
18435830,Lebanese
18435830,Arabian
18435830,Moroccan
18473378,Cafe
18473378,Chinese
18473378,Italian
18452241,Fast Food
3190,Italian
3190,Continental
3190,European
3190,Cafe
3041,Bakery
3041,Desserts
3041,Fast Food
3041,Beverages
18441798,Continental
18441798,Chinese
18441798,Italian
18441798,Finger Food
306505,Bakery
306505,Desserts
302868,Mithai
302868,Street Food
7383,North Indian
7383,South Indian
7383,Chinese
7383,Mithai
302793,Mithai
302793,Street Food
9993,Mithai
9993,North Indian
9993,South Indian
9993,Street Food
9985,Mithai
9985,Street Food
18138461,South Indian
306957,Chinese
306957,North Indian
7590,Mithai
7590,Street Food
9620,Cafe
302884,Bakery
302884,Desserts
302884,Fast Food
309238,Street Food
309609,North Indian
309609,Chinese
18414477,North Indian
18414477,Fast Food
9992,North Indian
18224572,Fast Food
312594,Bakery
312594,Desserts
312728,Ice Cream
312728,Desserts
18025133,Ice Cream
18025133,Desserts
7329,Raw Meats
7329,North Indian
7329,Fast Food
302892,North Indian
302892,Mughlai
302892,Chinese
302893,North Indian
302893,Mughlai
302893,Chinese
309533,Fast Food
309533,North Indian
18376487,Beverages
302895,North Indian
302896,South Indian
9776,North Indian
18245255,Fast Food
309648,North Indian
309648,Biryani
18285214,Mughlai
18285214,Biryani
302938,North Indian
18396545,Desserts
18396545,Ice Cream
18414495,North Indian
18414495,Mughlai
18414495,Chinese
311891,Bakery
311891,Desserts
312372,North Indian
312372,Mughlai
8949,Thai
8949,Chinese
8949,Seafood
302898,North Indian
302710,Street Food
302710,North Indian
302710,South Indian
9998,North Indian
9998,Fast Food
9998,Mughlai
18317229,Street Food
9623,South Indian
9623,Chinese
3634,Fast Food
7382,North Indian
7382,Mughlai
1866,North Indian
1866,Chinese
304783,North Indian
304783,Street Food
302811,North Indian
308664,Biryani
18133506,Fast Food
305293,Chinese
2211,North Indian
9622,North Indian
9622,Mughlai
18281989,Fast Food
18365855,Biryani
309737,Chinese
309737,Thai
18386707,Fast Food
18386707,Italian
18386707,North Indian
18386707,Chinese
309338,North Indian
18380155,Cafe
18380155,North Indian
18380155,Lebanese
18380155,Continental
18372686,Italian
18372686,Chinese
18372686,Continental
18372686,Thai
18372686,Mediterranean
18372686,Lebanese
3610,Ice Cream
3610,Desserts
3054,Ice Cream
3054,Desserts
3054,North Indian
3054,Street Food
311267,Pizza
311267,Fast Food
307951,Street Food
1876,North Indian
1876,Mughlai
1876,Chinese
412,South Indian
3635,North Indian
9654,Street Food
9654,North Indian
9654,Mithai
18354973,North Indian
18354973,Chinese
18392883,Bakery
18392883,Fast Food
18446815,Chinese
311014,Bakery
4325,North Indian
18322653,North Indian
18322653,Chinese
9557,Bakery
9557,Fast Food
9470,Fast Food
306491,North Indian
306491,Chinese
18416860,Street Food
18416860,North Indian
18416860,South Indian
18416860,Chinese
640,Cafe
305161,North Indian
305161,Chinese
306149,South Indian
1197,Mughlai
1197,North Indian
18198467,Cafe
18198467,Fast Food
18198467,Desserts
311903,Pizza
311903,Fast Food
18458665,North Indian
18458665,Fast Food
18458665,Chinese
18458665,Continental
6651,Cafe
311076,Ice Cream
311076,Desserts
9001,North Indian
9001,Mughlai
8995,South Indian
8995,North Indian
8995,Chinese
18489508,North Indian
18489508,Fast Food
18489508,Italian
18489508,Asian
7689,Fast Food
7689,Beverages
307959,Chinese
307959,North Indian
307959,Italian
307959,Continental
307959,Fast Food
18222571,North Indian
18222571,Chinese
18222571,Continental
310202,North Indian
301470,South Indian
301470,North Indian
301470,Chinese
5433,South Indian
18349733,Cafe
18349733,Chinese
18349733,Continental
18349733,Italian
18349733,Desserts
18349733,Beverages
18421019,North Indian
18421019,Chinese
18317510,Italian
18317510,Fast Food
303104,Fast Food
303104,North Indian
8991,South Indian
8991,North Indian
6662,North Indian
18365889,North Indian
18245268,Beverages
309856,Desserts
309856,Beverages
309604,Fast Food
309604,Beverages
18332062,Fast Food
6658,North Indian
9644,Biryani
9644,North Indian
9644,Mughlai
18349974,Ice Cream
18349974,Fast Food
18349974,Beverages
2267,Ice Cream
2267,Desserts
18377630,Ice Cream
18289256,Beverages
300849,Mithai
300849,Chinese
300849,Street Food
6675,Bakery
6675,Chinese
18430598,Fast Food
18430598,Street Food
303082,Street Food
303082,North Indian
18445775,Continental
18445775,Chinese
18445775,North Indian
309805,Chinese
309805,Thai
302972,Bakery
302972,Fast Food
7667,Beverages
7667,Fast Food
307327,Street Food
304461,Fast Food
300854,South Indian
300854,North Indian
300854,Chinese
306402,Mithai
306402,Street Food
18157402,North Indian
18157402,Chinese
2272,American
2272,Fast Food
2272,Salad
2272,Healthy Food
18261675,Bakery
18261675,Desserts
18458347,North Indian
18458347,Biryani
18458347,Chinese
18458347,Fast Food
307415,Chinese
307415,North Indian
307415,Italian
307415,Fast Food
8985,Street Food
6667,North Indian
18294234,North Indian
18458013,Chinese
18218265,Bakery
18460325,Mughlai
18458658,Mughlai
18458658,North Indian
18458655,Chinese
4227,North Indian
4227,Italian
4227,Chinese
4227,Fast Food
18418240,Beverages
18418240,Fast Food
5083,North Indian
302254,North Indian
300973,North Indian
307069,North Indian
305289,Street Food
18376493,Mughlai
18376493,Fast Food
307989,North Indian
307989,Chinese
310899,Raw Meats
310899,North Indian
310899,Fast Food
18322591,North Indian
18322591,South Indian
18322591,Chinese
18486915,Chinese
18486915,Fast Food
18486915,Ice Cream
302488,North Indian
302488,Mughlai
302488,Chinese
3173,North Indian
3173,Mughlai
313413,North Indian
313413,Chinese
313413,Italian
307818,North Indian
307818,Mughlai
307818,Chinese
307818,Continental
310332,North Indian
310332,Mediterranean
310332,Continental
2295,North Indian
2295,Mughlai
2295,Chinese
18361742,Cafe
18361742,Italian
18361742,Chinese
18361742,North Indian
303578,North Indian
18429394,South Indian
18429394,North Indian
18429394,Chinese
6705,Street Food
6705,Mithai
18250020,North Indian
18250020,Mughlai
18250020,Continental
18250020,Chinese
18235498,North Indian
18235498,Mughlai
18235498,Chinese
300910,Street Food
300910,North Indian
18317477,North Indian
18317477,Chinese
18317477,Continental
308638,Fast Food
1270,North Indian
1270,Chinese
18268715,Desserts
18268715,Fast Food
18268715,Ice Cream
312518,Ice Cream
312518,Desserts
304028,South Indian
304028,North Indian
304028,Chinese
304028,Street Food
304028,Fast Food
7422,South Indian
7422,North Indian
306096,North Indian
7450,North Indian
7450,Chinese
306106,North Indian
306106,Chinese
306106,Continental
306106,Italian
303963,Cafe
18124379,Chinese
18124379,North Indian
18124379,Mughlai
310758,Chinese
310758,North Indian
309606,North Indian
309606,Chinese
2408,North Indian
2408,Chinese
2408,Mughlai
309560,Pizza
309560,Fast Food
306405,Ice Cream
306405,Desserts
5529,Ice Cream
5529,Desserts
9459,North Indian
9459,Chinese
300359,Desserts
300359,Mithai
18128869,North Indian
18128869,Mughlai
18128869,Chinese
18128869,Fast Food
9011,South Indian
5507,North Indian
5507,South Indian
5507,Chinese
5507,Fast Food
303704,Hyderabadi
1924,North Indian
300257,North Indian
300257,Mughlai
7534,North Indian
1925,South Indian
311719,North Indian
1926,Fast Food
1926,North Indian
1926,South Indian
1926,Chinese
1926,Street Food
1926,Mithai
306392,North Indian
306392,Mughlai
306392,Chinese
306338,North Indian
306338,Mughlai
306338,Chinese
1905,Fast Food
1905,North Indian
1905,Chinese
300350,Mithai
7424,South Indian
7424,Chinese
7424,North Indian
1906,North Indian
1906,Chinese
1908,North Indian
1908,Chinese
1618,North Indian
1618,Chinese
1618,South Indian
309064,South Indian
1931,North Indian
1931,Mughlai
1931,Chinese
18277018,North Indian
18277018,Chinese
18277018,Fast Food
18425764,Italian
18425764,Chinese
18425764,North Indian
1933,South Indian
2411,Chinese
2411,Mughlai
2411,North Indian
18377922,Fast Food
18138437,European
18138437,Italian
18138437,Thai
18138437,Chinese
18138437,North Indian
4655,North Indian
4655,Chinese
18289258,Tibetan
18289258,Fast Food
18198463,Fast Food
18198463,Chinese
300347,Bakery
300347,Desserts
300347,Fast Food
18423807,Bakery
18423807,Desserts
300661,North Indian
300661,Mughlai
18349796,North Indian
18349796,European
18349796,South Indian
306643,Fast Food
305758,Cafe
305758,Fast Food
305758,Desserts
18240475,Bakery
18238241,Mughlai
18238241,North Indian
306071,Street Food
8864,North Indian
9643,North Indian
9016,Desserts
300594,Fast Food
8872,North Indian
8872,Chinese
2407,South Indian
2407,North Indian
7526,Mithai
7526,Street Food
306403,American
306403,Fast Food
306403,Salad
306403,Healthy Food
1301,Gujarati
1301,Rajasthani
1301,North Indian
1301,Fast Food
1904,North Indian
18322672,Continental
18322672,Healthy Food
5560,Chinese
307332,Chinese
307332,Fast Food
311755,Chinese
311755,Fast Food
18396684,Fast Food
18453049,North Indian
312000,North Indian
18203154,Chinese
305360,Cafe
1923,Finger Food
8933,Fast Food
8933,North Indian
8933,Mughlai
312003,Street Food
18446504,Continental
18446504,North Indian
18446504,American
18446504,Italian
18446504,Mexican
3541,North Indian
3541,Mughlai
189,Fast Food
189,Burger
18322651,American
18322651,Fast Food
5586,Bakery
5586,Desserts
303574,North Indian
303574,Chinese
303574,Mexican
303574,Lebanese
303574,Italian
303574,Fast Food
304628,Street Food
4624,Bakery
4624,Fast Food
1614,Italian
1614,Continental
1614,European
1614,Cafe
8244,Italian
8244,Continental
8244,European
8244,Cafe
3406,Cafe
3406,Pizza
3406,Italian
309576,Mughlai
4741,American
4741,Italian
4741,North Indian
4741,Chinese
4741,Lebanese
310674,Continental
310674,Kashmiri
310674,Italian
310674,North Indian
310674,Moroccan
1901,Cafe
1901,Italian
1901,Lebanese
813,Chinese
304989,Cafe
304989,Desserts
304989,Bakery
300642,Bakery
300642,Desserts
300642,Fast Food
307284,Mediterranean
307284,American
307284,Asian
844,Mughlai
844,North Indian
308337,Mexican
307822,Italian
307822,European
3425,American
3425,Continental
3425,Italian
6271,Mughlai
312710,Seafood
312710,Chinese
312710,Japanese
312710,Vietnamese
312710,Asian
312710,Thai
18255125,European
18285728,Mughlai
305686,Burmese
305686,Chinese
305686,Japanese
305686,Malaysian
305686,Thai
154,American
154,Fast Food
154,Salad
154,Healthy Food
18361747,Cafe
18361747,Tea
18361747,Desserts
9618,Italian
9618,French
9618,European
9618,Cafe
307370,Cafe
307802,Japanese
307802,Thai
307802,Italian
307802,Asian
307799,Chinese
307799,Thai
307799,Continental
307799,North Indian
18486842,Cafe
18419910,European
18419910,Continental
18419910,Pizza
4296,Bakery
4296,Desserts
4296,Fast Food
2632,Asian
2632,Thai
2632,Chinese
7227,North Indian
7227,Lebanese
7227,Mexican
7227,Asian
7227,Italian
7227,American
7227,European
18221038,Continental
18221038,American
313299,Cafe
313299,European
300656,Italian
300656,European
300656,Cafe
313207,American
313207,European
309788,Parsi
309788,Iranian
18082237,Bakery
18082237,Fast Food
311531,Bakery
311531,Desserts
18273615,Finger Food
18273615,Italian
18273615,North Indian
17953908,North Indian
17953908,Chinese
305722,North Indian
18430600,Mithai
18430600,North Indian
18430600,South Indian
18430600,Chinese
18430600,Bakery
18441800,North Indian
18441800,Chinese
18337965,Street Food
18337965,South Indian
18337965,Mithai
300452,North Indian
300452,Mughlai
300452,Chinese
5590,Cafe
18070502,Fast Food
312098,Chinese
312098,North Indian
303635,Chinese
303635,Fast Food
302456,North Indian
302456,Chinese
302456,Continental
9549,Mithai
9549,Street Food
306488,North Indian
306488,Chinese
306488,Italian
306488,Fast Food
302142,North Indian
302142,Mughlai
302142,Chinese
18350118,Cafe
18350118,Continental
7396,Pizza
7396,Fast Food
18435836,North Indian
18435836,Chinese
18277180,Biryani
18277180,Mughlai
18366018,Chinese
308555,North Indian
308555,Mughlai
308555,Chinese
306662,Raw Meats
306662,North Indian
306662,Fast Food
310253,North Indian
310253,Chinese
310253,Continental
5664,North Indian
18460329,North Indian
18460329,Chinese
18360284,Fast Food
18360284,Bakery
9552,North Indian
9552,Mughlai
308156,Chinese
308156,Italian
308156,Fast Food
308189,Lucknowi
308189,Biryani
300448,Desserts
300448,Bakery
300448,Fast Food
311944,Raw Meats
311944,Fast Food
9550,North Indian
18198179,North Indian
7400,Italian
7400,Pizza
7400,Fast Food
309289,Fast Food
309289,Chinese
309289,Bakery
18365872,Mughlai
18365872,North Indian
18365872,Chinese
9050,North Indian
9050,Chinese
9050,Mughlai
18366011,Chinese
18366011,Mughlai
305720,Street Food
4036,North Indian
4036,Chinese
5658,Chinese
5658,South Indian
5659,North Indian
18265677,Italian
18265677,Continental
309998,North Indian
309998,Chinese
309998,Fast Food
18201995,Hyderabadi
18201995,North Indian
306245,North Indian
306245,Chinese
306245,Mughlai
306245,Continental
306168,North Indian
306168,Mughlai
306168,Chinese
18365996,Street Food
311448,Bakery
303350,North Indian
303350,Mughlai
18378056,North Indian
18378056,Chinese
18378056,Continental
18378056,Italian
9513,Street Food
18303704,North Indian
18303704,Chinese
308111,North Indian
308111,Chinese
312922,Chinese
312922,Fast Food
3918,North Indian
308784,Chinese
2316,North Indian
2315,North Indian
313307,Bakery
313307,Fast Food
313307,Street Food
301208,North Indian
301208,Chinese
18386203,Bakery
18258507,Mughlai
313091,Chinese
313381,North Indian
301201,North Indian
301201,Chinese
309496,Street Food
2297,North Indian
2297,Fast Food
2297,South Indian
305003,Desserts
305003,Street Food
306310,North Indian
306310,Chinese
306310,Mughlai
18332058,North Indian
18332058,Chinese
18332058,South Indian
18128895,Fast Food
18128895,North Indian
18128895,South Indian
18128895,Chinese
18128895,Bakery
312747,Pizza
312747,Fast Food
6128,Pizza
6128,Fast Food
304994,Bakery
304994,Fast Food
313132,North Indian
313132,Chinese
18423095,Ice Cream
18423095,Desserts
18378024,Mithai
18378024,North Indian
313508,Healthy Food
301213,North Indian
8293,Desserts
309495,North Indian
305565,North Indian
309489,North Indian
309489,South Indian
3772,North Indian
3772,South Indian
3772,Fast Food
301204,Mithai
18421495,North Indian
306656,North Indian
18126085,North Indian
18126085,Fast Food
308942,Street Food
309254,North Indian
309254,Chinese
301417,North Indian
301203,South Indian
301203,North Indian
301203,Chinese
18014143,North Indian
309793,North Indian
309793,Mughlai
6131,South Indian
6131,Fast Food
6131,Street Food
309498,North Indian
309498,Mughlai
1274,Chinese
1274,North Indian
18431416,Chinese
18431416,Mughlai
18431416,North Indian
309481,Chinese
309481,Fast Food
301207,North Indian
301207,South Indian
301207,Chinese
301207,Fast Food
18409201,North Indian
18409201,Chinese
308938,Pizza
308938,Fast Food
18282453,Chinese
18282453,North Indian
18434966,Street Food
18349764,North Indian
18421474,Chinese
18421474,South Indian
18421474,Fast Food
18377904,North Indian
18421482,North Indian
18433869,Pizza
18376495,Beverages
18376495,Fast Food
309483,North Indian
18217428,North Indian
18217428,Chinese
18217428,South Indian
18217428,Fast Food
18323446,Bakery
18323446,Fast Food
18423892,Healthy Food
18432000,Chinese
18432000,Fast Food
18261956,Street Food
18378017,Raw Meats
18378017,Fast Food
18126099,Fast Food
18423101,North Indian
18376513,North Indian
18432218,Pizza
18255168,North Indian
18384143,Mughlai
18384143,North Indian
18222598,Bakery
18222598,Fast Food
18431979,Raw Meats
18431979,Street Food
313225,Mithai
18423103,Mithai
308940,North Indian
18433871,Street Food
308928,South Indian
18469838,Chinese
18469838,Italian
18458342,Bakery
18382338,Bakery
18382338,Fast Food
17977751,Continental
17977751,Italian
17977751,North Indian
18382373,Fast Food
18485936,Cafe
18485936,French
18415370,North Indian
18363216,South Indian
18363216,Fast Food
18472689,Fast Food
18385727,Bakery
18385727,Desserts
18414508,Fast Food
9571,Fast Food
313491,Cafe
313491,Chinese
18260714,Street Food
310344,Chinese
310344,Fast Food
9875,Mithai
9875,North Indian
9875,Chinese
9875,Street Food
18396161,North Indian
18396161,Chinese
9572,Chinese
9572,Fast Food
18371289,Fast Food
18356840,Bakery
18356840,Desserts
303784,North Indian
9906,Chinese
9906,North Indian
305581,North Indian
305581,Chinese
305581,Fast Food
9588,Desserts
9588,Ice Cream
312798,South Indian
312798,North Indian
18361738,North Indian
18361738,Chinese
18361738,Fast Food
9579,North Indian
9579,Street Food
309816,Chinese
309816,Asian
309816,Thai
307283,North Indian
311150,North Indian
311150,Mughlai
18294237,Mughlai
18455557,North Indian
18455557,Chinese
18455557,South Indian
18425773,South Indian
310358,Raw Meats
310358,Fast Food
18425161,Mughlai
308704,Bakery
308704,Desserts
18323603,Bakery
18323603,Desserts
18025089,North Indian
18025089,Chinese
18264993,North Indian
18429151,Chinese
18429161,North Indian
18425781,Street Food
18446391,Bakery
18446391,Fast Food
18481310,North Indian
18481310,Chinese
18425777,Bakery
18429157,South Indian
18265712,Mughlai
18265712,North Indian
9599,Mithai
9599,Street Food
18425148,North Indian
18265724,North Indian
18458659,Bakery
18424905,North Indian
18410302,North Indian
7856,North Indian
7856,Chinese
7856,Street Food
7856,Mithai
18365894,Biryani
18441523,Biryani
18441523,Hyderabadi
18400728,Burger
18400728,Fast Food
310345,Pizza
310345,Fast Food
9596,North Indian
9596,Mughlai
302577,Afghani
18334458,Mughlai
18334458,North Indian
4847,Italian
4847,Pizza
4847,Fast Food
2601,North Indian
2601,Street Food
3490,North Indian
3490,South Indian
3490,Chinese
18349930,North Indian
18349930,Chinese
7735,Mithai
7735,North Indian
7735,South Indian
7735,Chinese
7735,Street Food
301239,Burger
301239,Fast Food
301239,Chinese
301239,Bakery
7861,Bakery
491,North Indian
491,South Indian
491,Fast Food
491,Street Food
491,Chinese
491,Beverages
491,Desserts
491,Mithai
553,North Indian
553,South Indian
553,Chinese
553,Street Food
553,Fast Food
553,Mithai
553,Desserts
18426285,Desserts
18345810,Asian
18345810,Thai
7906,North Indian
7906,South Indian
7906,Chinese
311593,Cafe
18466740,North Indian
18466740,Mughlai
18466740,Nepalese
18466740,Tibetan
18466740,Korean
1533,Tibetan
1533,Chinese
9529,North Indian
9529,Street Food
311466,Fast Food
5358,Fast Food
5358,South Indian
5358,Chinese
301532,Mughlai
301532,North Indian
18336529,Cafe
301530,North Indian
301530,Fast Food
18317975,Fast Food
18317975,Street Food
18469935,North Indian
18469935,Mughlai
18469935,Chinese
18469935,Italian
300874,North Indian
300874,Chinese
300874,Fast Food
18357561,Bakery
18445793,Chinese
18445793,South Indian
18458348,Mithai
18458348,Street Food
18449646,Chinese
18449646,Fast Food
18445784,North Indian
18445784,Chinese
18378861,North Indian
18378861,Fast Food
301677,Fast Food
301677,South Indian
8537,Pizza
8537,Fast Food
18268367,North Indian
18268367,Chinese
18244534,Fast Food
18244534,Mithai
18244534,Bakery
8517,North Indian
310653,Fast Food
312479,Chinese
18222593,Chinese
18222593,Continental
18222593,Mexican
2012,Street Food
6265,Cafe
9829,Cafe
311949,North Indian
311949,Chinese
18421027,Fast Food
18421027,Beverages
304957,North Indian
305948,North Indian
306113,Mithai
305987,Bakery
305987,Fast Food
305987,Beverages
4935,Chinese
313265,Pizza
313265,Fast Food
18414470,North Indian
18414470,Fast Food
18377903,Fast Food
300729,Bakery
300729,Fast Food
9850,Bakery
4939,North Indian
4939,Chinese
18416369,Mughlai
18416369,Biryani
311194,North Indian
311194,Mughlai
1205,North Indian
1205,Mithai
305949,North Indian
18400760,North Indian
18400760,Chinese
18372696,North Indian
18372696,Chinese
9849,North Indian
9849,South Indian
305298,Mithai
305298,Street Food
18451584,Pizza
18451584,Fast Food
18291212,South Indian
18291212,Fast Food
6072,South Indian
308253,North Indian
18354257,Fast Food
18354257,Tea
6095,North Indian
305942,Chinese
18208895,Chinese
18208895,Fast Food
309190,Chinese
309190,Fast Food
18472702,Chinese
311331,Fast Food
18418242,Chinese
18418242,North Indian
18365372,Biryani
18415367,Burger
18415367,Fast Food
18382755,Street Food
312385,Italian
312385,Pizza
18345730,Sushi
18345730,Asian
312639,Cafe
312639,Pizza
18381652,North Indian
18381652,Mughlai
18440186,South Indian
18421464,Fast Food
18440394,South Indian
18440394,Chinese
18440394,Fast Food
18441680,Chinese
18441680,North Indian
6122,Mughlai
6122,Fast Food
6122,North Indian
584,North Indian
584,South Indian
584,Street Food
584,Chinese
584,Fast Food
584,Mithai
4725,North Indian
4725,Chinese
18070486,Chinese
18070486,North Indian
18070486,Fast Food
18070486,Italian
3943,Finger Food
3246,Chinese
4380,Cafe
6600,Finger Food
3937,Continental
3235,Continental
3235,European
3235,North Indian
3235,French
306815,North Indian
5869,North Indian
5869,Chinese
18273623,North Indian
18273623,Mughlai
18273623,Chinese
2997,Chinese
2997,Thai
3371,North Indian
3371,Street Food
3371,South Indian
3371,Mithai
3003,North Indian
3003,Mughlai
3004,Pizza
3004,Fast Food
3744,North Indian
3744,Mughlai
3744,Chinese
9996,Ice Cream
9996,Street Food
2999,North Indian
2999,Mughlai
2999,Chinese
9929,Bakery
9929,Desserts
9929,Fast Food
3002,North Indian
3002,Mughlai
3002,Chinese
5899,Fast Food
2995,Ice Cream
2995,Desserts
9316,Chinese
9316,North Indian
9316,Mithai
9316,Street Food
311766,Asian
3493,North Indian
3493,Chinese
3493,Mughlai
18027962,Bakery
1407,North Indian
1407,Mithai
1407,Street Food
1917,Mithai
1917,Street Food
3497,Raw Meats
3497,North Indian
3497,Fast Food
3494,North Indian
3494,Chinese
3494,Mughlai
18222557,Chinese
18222557,North Indian
1397,North Indian
1397,Mughlai
1397,Chinese
1397,Fast Food
18346857,Fast Food
6222,Mithai
6222,Street Food
5727,Raw Meats
5727,Fast Food
776,Italian
776,Pizza
776,Bakery
305604,American
305604,Fast Food
305604,Salad
305604,Healthy Food
18391309,Cafe
18255171,Japanese
18255171,French
313280,Ice Cream
18279453,Cafe
18279453,Desserts
18279453,Bakery
9315,South Indian
9315,Fast Food
18438416,American
18438416,Italian
18438416,Bakery
18438416,Deli
18438416,Burger
18438416,Sandwich
18438416,Pizza
303753,American
303753,Continental
303753,Italian
303753,Bakery
7515,Desserts
7515,Middle Eastern
7515,Turkish
308195,Mughlai
308195,North Indian
306088,North Indian
306088,Mughlai
306088,Chinese
307223,Desserts
307223,Bakery
18472648,Cafe
658,Cafe
304931,Japanese
304931,Sushi
18277165,Asian
1819,American
1819,Fast Food
6203,North Indian
6203,South Indian
6203,Chinese
5840,Chinese
307695,Street Food
307693,Chinese
307693,Thai
301654,North Indian
301654,Chinese
307696,North Indian
6202,North Indian
300888,North Indian
307694,Pizza
307694,Fast Food
311470,Asian
311470,Chinese
307692,Bakery
307692,Desserts
307692,Fast Food
4924,North Indian
4924,Mughlai
302742,Mughlai
18471330,Bakery
6269,Mithai
18423145,North Indian
18444040,Chinese
18391691,Bengali
18391691,North Indian
1188,European
1188,Lebanese
1188,Mediterranean
7353,North Indian
7353,Mithai
7353,South Indian
7353,Street Food
7353,Fast Food
7365,North Indian
303851,North Indian
303851,South Indian
303851,Chinese
9097,Mithai
7317,Mithai
7317,North Indian
7317,South Indian
7317,Chinese
7317,Street Food
311067,North Indian
311067,Chinese
305201,Chinese
18312458,Fast Food
18312458,Pizza
7332,North Indian
305180,Chinese
4312,North Indian
4312,Chinese
4312,Fast Food
18356811,North Indian
18356811,Chinese
18356811,Mughlai
7315,North Indian
7315,Chinese
9145,North Indian
9145,Mughlai
9145,Chinese
18025111,North Indian
18025111,South Indian
18025111,Continental
18025111,Fast Food
303958,Fast Food
303958,North Indian
303958,Bakery
4311,North Indian
4311,Mughlai
4311,Chinese
4311,Continental
4311,Fast Food
7309,North Indian
7309,Fast Food
7309,Biryani
7307,North Indian
7307,Chinese
4315,Biryani
4315,Chinese
4315,North Indian
305151,North Indian
305151,Chinese
7366,North Indian
7366,Chinese
7366,Mughlai
7366,South Indian
9141,North Indian
18333396,North Indian
18333396,Chinese
7363,North Indian
7363,Chinese
7363,Continental
7363,Fast Food
305181,Mithai
305181,Street Food
18403469,North Indian
18416845,North Indian
302475,North Indian
18489805,Burger
18489805,Fast Food
302473,Fast Food
302473,Chinese
18361932,Bakery
18361932,Desserts
18414467,North Indian
18358665,Cafe
18358665,North Indian
18358665,Continental
18427203,North Indian
18427203,Chinese
18427203,Mughlai
18358663,North Indian
18489807,North Indian
18489807,Mughlai
18489807,Chinese
305183,Bakery
305153,North Indian
305153,Chinese
305153,Fast Food
18372674,North Indian
18372674,Mughlai
18372674,Chinese
18356797,North Indian
18356797,Mithai
18414511,North Indian
18414511,Chinese
18408033,Street Food
18358661,North Indian
18180072,North Indian
18311961,North Indian
18416830,Fast Food
18357534,Kerala
18356819,North Indian
18356819,Chinese
18356819,South Indian
18356795,North Indian
18356795,Chinese
18357529,Bakery
311666,Mughlai
311666,North Indian
18357541,North Indian
312970,North Indian
305190,North Indian
305190,Biryani
303149,North Indian
303149,Chinese
303149,Fast Food
18168164,Pizza
18168164,Fast Food
18489540,South Indian
18489540,Nepalese
18268344,North Indian
309219,North Indian
9129,Chinese
18358657,Mughlai
312972,North Indian
312972,Biryani
18415377,North Indian
18489534,North Indian
18313112,North Indian
18313112,Mughlai
18313112,Chinese
18416842,Biryani
7362,North Indian
305189,Mithai
305189,Street Food
3286,Finger Food
4374,European
4374,North Indian
4373,North Indian
4373,Continental
18232577,Chinese
18232577,North Indian
18317502,Cafe
18410770,Naga
18410770,Chinese
18303701,Tibetan
18303701,Chinese
18272391,North Indian
18272391,Chinese
18422748,Chinese
18424643,Tibetan
18424643,South Indian
18424643,North Indian
18481209,Cafe
18481209,North Eastern
304280,Tibetan
304280,Chinese
18272389,Tibetan
18261164,North Indian
18261164,Chinese
18261164,Tibetan
18391757,Ice Cream
18273526,Chinese
309101,Tibetan
309101,Chinese
309101,North Indian
18446419,Nepalese
18424639,Tibetan
18424639,Chinese
18446411,Nepalese
18424646,Cafe
18424646,Tibetan
18261162,Tibetan
18261162,Chinese
18273530,North Indian
18273530,South Indian
18273530,Fast Food
18446424,Nepalese
18446424,Tibetan
18272385,Chinese
18424635,Asian
18424635,Chinese
18272376,North Indian
18272376,Fast Food
18368943,Tibetan
18368943,Chinese
18368943,North Indian
308286,North Indian
308286,Mughlai
18261723,Burger
18261723,Fast Food
18463424,Cafe
18463424,Chinese
650,Cafe
1037,Mexican
1037,Italian
1037,North Indian
1037,Continental
1037,Asian
6377,Bakery
6377,Desserts
311609,Street Food
311609,North Indian
18175252,Chinese
18175252,Thai
309448,North Indian
309448,Mughlai
2863,North Indian
2863,Chinese
2863,Mughlai
5135,North Indian
5135,Chinese
5135,Mughlai
300828,North Indian
300828,Chinese
18238307,Healthy Food
1040,Mughlai
1040,North Indian
18285199,South Indian
303423,North Indian
303423,Fast Food
303423,Chinese
18354972,Chinese
18354972,Tibetan
18332076,Maharashtrian
1406,Fast Food
1406,North Indian
308444,North Indian
308444,Chinese
309452,Bakery
309452,Desserts
309452,Fast Food
310312,Fast Food
310312,Beverages
305162,North Indian
305162,Chinese
305162,Fast Food
18471299,Chinese
4855,Italian
4855,Pizza
4855,Fast Food
18272382,North Indian
18272382,Chinese
313398,Street Food
313398,North Indian
307746,Fast Food
307746,North Indian
307746,Chinese
3043,Chinese
301190,American
301190,Fast Food
301190,Salad
301190,Healthy Food
18233599,Cafe
18233599,Italian
18233599,Mexican
18233599,Salad
18233599,Desserts
1036,North Indian
1036,Mughlai
1036,Chinese
310665,North Indian
310665,Mughlai
310665,Chinese
18322671,North Indian
18322671,Mughlai
18322671,Chinese
18353692,Street Food
18353692,Fast Food
18365877,Biryani
310848,North Indian
310848,Mughlai
310848,Chinese
18398602,North Indian
18398602,Chinese
18398602,Mughlai
18376472,Biryani
18376472,Hyderabadi
18455531,Burger
18455531,American
18455531,Fast Food
18208912,Chinese
2586,North Indian
2586,Chinese
301722,Burger
301722,Desserts
301722,Fast Food
18285729,North Indian
18285729,Chinese
305526,South Indian
18357542,North Indian
18357542,Italian
18291199,Italian
18291199,Chinese
18291199,Continental
18291199,Thai
18291199,Mediterranean
18291199,Lebanese
5726,Ice Cream
5726,Desserts
302922,Mithai
302922,Street Food
7658,Raw Meats
7658,North Indian
7658,Fast Food
18286490,Italian
18286490,North Indian
18286490,Chinese
18286490,Mughlai
7654,Fast Food
18254534,North Indian
18254534,Mughlai
18254534,Chinese
9100,Mithai
9100,Street Food
6475,North Indian
6475,Mughlai
6475,Chinese
300302,Chinese
300302,Thai
304302,Chinese
304302,Thai
306166,Chinese
306166,Tibetan
306166,Japanese
18345755,Thai
18345755,Chinese
18345755,North Indian
9751,Bakery
9751,Fast Food
2867,Mughlai
2867,North Indian
2867,Chinese
8346,Thai
8346,Japanese
305871,Chinese
305871,Thai
18425151,Continental
998,Asian
998,North Indian
998,Continental
452,North Indian
452,Chinese
452,Seafood
452,Chettinad
18163892,North Indian
18163892,Continental
18163892,Asian
18163892,Chinese
18163892,Thai
18432219,North Indian
18432219,Mughlai
18458339,North Indian
18458339,Biryani
18458339,Chinese
18458339,Fast Food
18375421,Healthy Food
18375421,Salad
209,Pizza
209,Fast Food
18428394,North Indian
18428394,Mughlai
18428394,Chinese
1030,North Indian
1030,South Indian
1030,Chinese
1030,Mughlai
7661,North Indian
7661,Mughlai
7661,Chinese
6179,Lucknowi
6179,Mughlai
18446475,North Indian
18446475,Mughlai
311161,Bihari
313206,North Indian
313206,Fast Food
18334452,Cafe
18334452,American
18334452,Italian
18253111,Cafe
18253111,Bakery
18253111,Parsi
18219545,Healthy Food
18219545,Salad
18348970,Cafe
18348970,Desserts
18334465,Sushi
18334465,Japanese
18334465,Healthy Food
18272370,Cafe
18272370,Fast Food
18272370,Healthy Food
311846,Chinese
311432,Chinese
304972,Fast Food
18356812,Bakery
18294392,North Indian
18294392,Continental
308489,North Indian
313175,North Indian
313175,Chinese
301842,North Indian
311378,Raw Meats
311378,North Indian
311378,Fast Food
301830,South Indian
301830,Chinese
18323144,Biryani
18323144,Kerala
311377,South Indian
311377,Chinese
301848,Mithai
301848,Street Food
307998,Pizza
307998,Fast Food
5940,Bakery
5940,Fast Food
301826,Chinese
312923,North Indian
312923,Mughlai
312923,Chinese
301817,North Indian
301820,North Indian
301820,Chinese
18460315,Chinese
18460315,North Indian
301809,North Indian
18368012,North Indian
18368012,Chinese
18429423,Fast Food
6180,Chinese
6180,North Indian
301108,Mithai
301108,Street Food
8105,North Indian
313185,North Indian
313185,Mughlai
313185,Chinese
8109,North Indian
304267,Desserts
304267,Street Food
313351,Ice Cream
309227,North Indian
309227,Chinese
309227,Mughlai
18285695,North Indian
18285695,Chinese
18146358,North Indian
312715,North Indian
312715,Mughlai
311245,Chinese
6173,Chinese
301353,Bakery
301353,Fast Food
300957,North Indian
300957,Mughlai
300957,Chinese
312703,Fast Food
312703,Chinese
6183,North Indian
6183,Chinese
301037,Bakery
8069,Mithai
8069,Street Food
306107,North Indian
306107,Chinese
306107,Mughlai
308359,Raw Meats
308359,North Indian
308359,Fast Food
18260604,North Indian
6185,North Indian
6185,Mughlai
6185,Chinese
304259,Chinese
304259,Fast Food
300959,Biryani
300959,Hyderabadi
18238249,North Indian
18238249,Chinese
309346,Kerala
307306,Bakery
18203881,American
18203881,Asian
18203881,North Indian
18203881,Mexican
18203881,South Indian
18138441,Street Food
18138441,Desserts
8531,Bakery
8531,Fast Food
18267785,North Indian
18267785,Chinese
8110,North Indian
8110,Street Food
18281964,North Indian
2932,North Indian
2932,Chinese
6182,Raw Meats
6182,Fast Food
18324529,Fast Food
308237,Bakery
308237,Desserts
308237,Fast Food
311894,Chinese
311894,Fast Food
300960,South Indian
300960,Chinese
308222,South Indian
308222,Chettinad
18258510,North Indian
18258510,Mughlai
308526,Bakery
308526,Desserts
301118,North Indian
301118,Chinese
309551,Fast Food
309551,Chinese
9736,Asian
9736,Thai
9736,Chinese
9736,North Indian
18022625,Chinese
18022625,North Indian
18022625,South Indian
18420679,Bakery
18420679,Desserts
301361,Fast Food
301361,Pizza
301361,Burger
312991,Cafe
18277153,Fast Food
18273548,Mexican
18273548,North Indian
18399818,Street Food
18399818,Fast Food
18399818,Chinese
18399818,South Indian
18399818,North Indian
8062,North Indian
304254,North Indian
18469823,Bakery
18469823,Desserts
18057803,Bakery
18057803,Desserts
18208900,Fast Food
18420694,North Indian
18420694,Mughlai
18438463,Chinese
18317329,North Indian
18317329,Chinese
18442896,North Indian
18442896,Fast Food
18494989,Cafe
18494989,Beverages
18432170,Fast Food
18432170,Chinese
18489526,Fast Food
18375372,Bakery
8108,North Indian
6237,North Indian
6237,Mughlai
311993,North Indian
311993,Fast Food
18479003,North Indian
18479003,Mughlai
18479003,Chinese
18472612,North Indian
18472612,South Indian
18472612,Chinese
18357972,North Indian
18375388,Mexican
18292453,North Indian
18421494,South Indian
8033,North Indian
18360957,Bakery
18360957,Desserts
18281993,South Indian
18282003,Bakery
18421492,North Indian
18421492,Biryani
6190,Cafe
2017,North Indian
2017,Chinese
2017,Fast Food
308812,Chinese
308848,Mithai
308848,Street Food
301056,Mithai
301692,Bakery
301692,Fast Food
18265707,North Indian
18265707,Chinese
18368006,Chinese
18225277,Chinese
18225277,Fast Food
2936,North Indian
2936,Fast Food
18291201,Street Food
18291201,Fast Food
3854,North Indian
3854,Biryani
308831,South Indian
301062,Fast Food
5186,North Indian
5186,Street Food
3851,North Indian
305357,South Indian
2019,North Indian
2019,Chinese
2019,South Indian
2019,Fast Food
305370,North Indian
305370,Chinese
301053,North Indian
301053,Fast Food
308844,Street Food
308839,Street Food
18440191,Street Food
18203185,Cafe
301047,Street Food
312492,Cafe
4672,Chinese
4672,Fast Food
311336,North Indian
311336,Chinese
311336,Continental
311336,Fast Food
18379056,Bakery
18440185,Fast Food
18440185,Raw Meats
18440429,North Indian
2942,Italian
2942,Pizza
2942,Bakery
301103,North Indian
301103,Chinese
18292451,North Indian
18292451,Mughlai
9740,North Indian
9740,Continental
9740,Chinese
301106,North Indian
301106,Chinese
6225,Kerala
301120,Chinese
301120,Fast Food
307850,North Indian
307850,South Indian
307850,Chinese
18292449,American
18292449,Fast Food
301116,North Indian
8462,Mithai
309599,Pizza
309599,Fast Food
309499,North Indian
300958,North Indian
301105,Chinese
311228,North Indian
6226,North Indian
311229,North Indian
306555,Chinese
306555,North Indian
301110,Fast Food
304986,Fast Food
311256,North Indian
307847,North Indian
18376492,Bakery
6216,North Indian
313360,North Indian
313360,Chinese
18490756,Continental
18490756,Italian
18490756,Fast Food
18375376,Mughlai
18089212,Biryani
18375395,Pizza
18237719,Continental
18237719,North Indian
18237719,South Indian
18082236,North Indian
18375383,North Indian
309979,Raw Meats
309979,North Indian
309979,Fast Food
18025093,North Indian
18025093,South Indian
307990,North Indian
309517,North Indian
309517,Chinese
18489842,Cafe
18350159,Mughlai
18375201,North Indian
18375201,Chinese
18375201,Continental
18025127,Bakery
18025127,Desserts
18025127,Fast Food
18478990,North Indian
18478990,Fast Food
18433297,Chinese
18433297,Fast Food
18472695,Chinese
18472695,Fast Food
18415339,North Indian
311683,Chinese
313073,Ice Cream
313073,Desserts
18415338,Fast Food
18168122,South Indian
18478992,Chinese
18478992,North Indian
18168124,Chinese
18414506,North Indian
18409207,Fast Food
18409207,North Indian
6341,Fast Food
6341,Burger
1951,North Indian
1951,Mughlai
1951,Chinese
250,Italian
250,Pizza
250,Fast Food
312753,North Indian
312753,Mughlai
312983,North Indian
18492029,Mughlai
18492029,North Indian
18489541,Mithai
18489541,South Indian
18489541,Street Food
18486862,Ice Cream
18492025,Mithai
18492025,North Indian
18492025,South Indian
18492025,Chinese
18492025,Street Food
18492025,Bakery
18352672,North Indian
18352672,Fast Food
18489825,Bakery
18340302,Bakery
18340302,Desserts
18489819,Chinese
18175297,North Indian
18034037,Raw Meats
18034037,North Indian
18034037,Fast Food
18175282,Raw Meats
18175282,North Indian
18175282,Fast Food
18489532,Mughlai
18489532,North Indian
18277178,North Indian
18408079,North Indian
18232989,North Indian
18232989,Chinese
18492033,Mughlai
18489832,North Indian
18467388,Japanese
18175299,Mithai
18175299,Bakery
18175299,North Indian
18337908,North Indian
18337908,Chinese
18337908,Italian
18463608,Fast Food
18489836,North Indian
18277163,North Indian
18489545,North Indian
18277176,Chinese
18277176,North Indian
18277176,South Indian
18175278,North Indian
18489808,Chinese
18489808,North Indian
18446867,Bakery
18486879,North Indian
18486879,Street Food
18486879,Fast Food
18489852,North Indian
18489804,Fast Food
18489804,North Indian
18489804,South Indian
18489802,Mughlai
18489802,North Indian
3207,North Indian
3207,Chinese
3207,Italian
3207,Finger Food
4752,North Indian
4752,European
4752,Chinese
4830,Chinese
4830,Thai
4341,North Indian
4341,Mughlai
307237,Cafe
307237,Beverages
18260028,North Indian
18260028,Chinese
18317481,Finger Food
18317473,Finger Food
18317479,Finger Food
18317476,Finger Food
18317483,Cafe
312576,Chinese
312576,Fast Food
5347,Fast Food
300945,Fast Food
300945,Beverages
300934,Mithai
3223,Pizza
3223,Fast Food
307554,Ice Cream
307554,Desserts
967,North Indian
967,Chinese
967,Fast Food
6196,North Indian
6196,Mughlai
6196,Chinese
18381220,Salad
18381220,Healthy Food
18381220,Burger
18381220,Italian
18381220,Continental
18381220,Chinese
18381220,North Indian
18381220,Beverages
2491,Chinese
1041,Chinese
982,North Indian
982,Mughlai
982,Chinese
18352186,Beverages
9380,Mithai
9380,South Indian
1303,North Indian
1303,Chinese
18168462,Fast Food
18168462,Street Food
311734,American
311734,Fast Food
311734,Salad
311734,Healthy Food
2291,Chinese
9427,Street Food
5874,Desserts
3375,North Indian
3375,Fast Food
3375,Street Food
312353,Bakery
180,Fast Food
180,Burger
18057822,Pizza
6607,Bakery
6607,Fast Food
18247031,North Indian
18247031,Chinese
18247031,Continental
18247031,Italian
18264447,North Indian
18264447,Mughlai
300911,Bakery
4090,North Indian
5729,Chinese
309704,Raw Meats
309704,Fast Food
309704,North Indian
964,Chinese
307333,Raw Meats
307333,North Indian
307333,Fast Food
5765,Street Food
18037821,Bakery
18400738,North Indian
18400738,Chinese
18400738,Continental
18400738,Italian
307730,North Indian
305251,Cafe
312087,Ice Cream
18070503,Street Food
18070503,South Indian
18070503,Chinese
18454460,Burger
18454460,Fast Food
18419902,Chinese
18419902,Fast Food
307356,Pizza
8580,Desserts
18324914,South Indian
300473,North Indian
300473,Mughlai
306250,North Indian
306250,Mughlai
18356784,Beverages
8373,American
8373,Fast Food
308101,North Indian
308101,Street Food
8840,American
8840,Fast Food
8840,Salad
8840,Healthy Food
18228870,Tibetan
18228870,Chinese
7066,Chinese
7066,Thai
305479,Burger
305479,Desserts
305479,Fast Food
8845,Ice Cream
8845,Desserts
7509,Finger Food
7509,North Indian
302715,North Indian
302715,Italian
302715,Chinese
18241509,Cafe
18241509,Tea
18277003,Chinese
18277003,North Indian
18277003,Fast Food
18277003,Italian
7547,Mughlai
7547,North Indian
7547,Chinese
301236,Chinese
301236,Fast Food
18082630,North Indian
7548,North Indian
7548,Mughlai
310419,Bakery
310419,Desserts
310419,Fast Food
4634,North Indian
18228874,North Indian
18228874,Fast Food
18433904,Bakery
312145,Fast Food
312145,Burger
304585,Chinese
304585,North Indian
312916,Street Food
313006,North Indian
313006,Mughlai
305861,Ice Cream
9026,North Indian
9026,Mughlai
309178,Bakery
309178,Fast Food
18249097,North Indian
308880,North Indian
308880,Mughlai
308880,Fast Food
18382113,Mughlai
18241861,North Indian
18241861,Chinese
18241861,Fast Food
310162,Chinese
310162,North Indian
303589,Bakery
303589,Desserts
311459,North Indian
311459,Fast Food
9053,Street Food
312893,North Indian
312893,Chinese
18273640,Fast Food
308130,Ice Cream
5663,Seafood
5663,North Indian
18247005,South Indian
18449827,Fast Food
18342574,North Indian
18391689,Street Food
304573,Fast Food
304573,Chinese
304586,North Indian
18449629,Ice Cream
18449629,Desserts
18451179,Chinese
18451179,Fast Food
18451158,Burger
18451158,Pizza
18451158,Fast Food
18451166,Chinese
18451166,Fast Food
18238245,North Indian
18238245,Chinese
308110,North Indian
312213,North Indian
312213,Chinese
18410370,Street Food
18236975,North Indian
18471517,Asian
18471517,North Indian
18471517,Mughlai
304469,Mithai
18451144,Fast Food
4084,Fast Food
310947,Mithai
310989,Bakery
18358295,Fast Food
18317756,North Indian
18317756,Chinese
310936,Ice Cream
310936,Desserts
308796,Raw Meats
308796,North Indian
308796,Fast Food
18460320,Lebanese
18241893,Mughlai
18363053,North Indian
18363053,South Indian
18363053,Chinese
310997,South Indian
310997,Chinese
6629,Street Food
302685,South Indian
302685,Chinese
302685,Fast Food
302685,Mithai
18241860,Fast Food
2920,Fast Food
18238281,Beverages
18204485,North Indian
18204485,Chinese
18126086,North Indian
18126086,Chinese
9031,North Indian
18254532,North Indian
18380219,Chinese
18380219,North Indian
18258473,Chinese
303602,Chinese
303602,Tibetan
18396163,North Indian
18396163,Mughlai
18485962,North Indian
18421485,North Indian
18363044,Mithai
18363044,Street Food
18424171,North Indian
18424171,Chinese
18424171,South Indian
18363051,North Indian
18363051,Mughlai
18449788,North Indian
18466410,Street Food
18107851,Bakery
18466408,North Indian
18466400,North Indian
18361765,North Indian
18424169,North Indian
18424169,Mughlai
18424169,Chinese
18449653,North Indian
18449786,North Indian
18466675,North Indian
18449647,Fast Food
18361779,North Indian
18363048,Chinese
310954,Mughlai
312413,North Indian
18361767,North Indian
18421473,Chinese
310995,Chinese
18421475,North Eastern
18421475,North Indian
18421475,Chinese
18418268,North Indian
18421459,South Indian
18421459,Chinese
18361771,North Indian
18241864,North Indian
18449657,North Indian
18396177,Italian
18396177,Fast Food
18449639,North Indian
18449639,Chinese
18357954,North Indian
310965,North Indian
18418278,North Indian
18449664,North Indian
18480435,Fast Food
311009,North Indian
310988,Street Food
310988,North Indian
18421461,Juices
310952,Fast Food
18449667,North Indian
18449661,North Indian
18449643,Beverages
18449643,Fast Food
300791,Fast Food
300264,Biryani
18425751,North Indian
7388,Fast Food
7388,Street Food
7388,Chinese
311485,Raw Meats
311485,North Indian
311485,Fast Food
2870,Chinese
2870,Fast Food
18397908,North Eastern
18397908,North Indian
312765,Chinese
312765,North Indian
5879,North Indian
5879,Mughlai
5879,Chinese
304621,Mithai
304621,Street Food
18472788,Cafe
309510,Fast Food
309510,Pizza
300259,Fast Food
310430,North Indian
310430,Mughlai
300273,Chinese
7393,South Indian
7393,North Indian
7393,Fast Food
311451,American
311451,Fast Food
311451,Salad
311451,Healthy Food
7240,Chinese
300268,North Indian
300268,Chinese
310328,Chinese
310328,Thai
309471,Chinese
309471,North Indian
18383522,Bakery
18383522,Desserts
18424615,Mithai
18424615,Street Food
18425758,Mithai
18425758,Street Food
18425178,Awadhi
18425178,Mughlai
18354994,Chinese
18354994,North Indian
18146362,Continental
18146362,Chinese
18146362,North Indian
18425175,Chinese
18225831,Bakery
18354988,North Indian
18354988,Chinese
18425772,Fast Food
18354998,North Indian
18354992,Street Food
309509,Chinese
18423905,North Indian
18357566,Bakery
18357566,Desserts
18425768,Bakery
18025119,Mughlai
18472683,South Indian
18425739,Bakery
18468524,Chinese
18468524,Continental
18468524,North Indian
18354996,Chinese
18229077,Tibetan
300275,North Indian
300275,Chinese
9251,North Indian
18471235,North Indian
306695,Mithai
9281,Mithai
18432222,Tibetan
18432222,Chinese
18471254,North Indian
18471254,Fast Food
18371414,Mughlai
18371414,North Indian
306678,Mithai
18371416,Bakery
18371416,Chinese
18361199,Mithai
18361199,South Indian
18361199,Street Food
312620,Desserts
312620,Fast Food
18432206,Chinese
311394,Bakery
18471270,Fast Food
18471270,Mughlai
313349,North Indian
313349,Chinese
18359302,Chinese
18359302,Fast Food
18352287,Chinese
9262,Chinese
9262,Fast Food
18469981,North Indian
18349922,North Indian
18349922,Chinese
18349922,South Indian
18432214,Mughlai
310357,South Indian
310357,Fast Food
310357,North Indian
310357,Chinese
18429155,Raw Meats
18429155,North Indian
18429155,Fast Food
18471319,Bakery
18471319,Chinese
18471263,Chinese
18471263,Fast Food
18471263,North Indian
18432200,North Indian
18430911,Chinese
18430911,Fast Food
18354672,North Indian
18352275,Chinese
303500,Mithai
303500,Street Food
18431998,Fast Food
18431998,North Indian
18430900,Bakery
18313125,North Indian
18313125,Chinese
18313125,Street Food
18430579,Chinese
8957,North Indian
9635,Street Food
9635,South Indian
9635,Mithai
18352288,Fast Food
18352288,South Indian
18352288,Mithai
18349914,Pizza
18349914,Fast Food
18349914,Bakery
18430569,North Indian
18430569,Mughlai
18361211,Chinese
18471287,Fast Food
304393,North Indian
18361217,North Indian
5483,North Indian
9271,North Indian
304610,North Indian
303537,Mithai
303537,Chinese
18430576,Mughlai
304405,Mithai
304405,Street Food
18471313,Mughlai
306710,North Indian
18430570,Street Food
303497,North Indian
18270343,North Indian
18270343,Chinese
18270343,Continental
18361200,North Indian
18361200,Chinese
18261678,North Indian
18317507,North Indian
9269,North Indian
18363067,Mithai
18371421,Chinese
304809,Mithai
304769,Mithai
304769,Street Food
304803,Mithai
304803,Street Food
18261151,North Indian
18261151,Chinese
18261151,Mughlai
18464636,Fast Food
18017260,North Indian
304753,Fast Food
304753,Bakery
18464641,North Indian
304822,Mithai
304822,Street Food
18312665,North Indian
9181,Bakery
9181,Pizza
18435332,Mithai
18435332,Street Food
18435332,North Indian
18261710,Chinese
18261710,North Indian
18312662,Street Food
18322599,North Indian
18322599,South Indian
18322599,Chinese
9226,Bakery
9226,Desserts
18434072,North Indian
18434072,Chinese
305699,North Indian
9194,Bakery
304888,South Indian
304888,Pizza
304888,Chinese
306177,North Indian
18261708,North Indian
18261708,Chinese
9173,Mithai
304831,North Indian
9176,North Indian
18233572,North Indian
18233572,Chinese
18464649,Chinese
18464649,Bakery
18375389,Italian
18375389,Fast Food
18375389,South Indian
18466387,Street Food
18466387,Fast Food
304782,North Indian
18261719,South Indian
18261719,North Indian
18261719,Chinese
18466389,Biryani
18378051,North Indian
7484,North Indian
18464634,Chinese
18464634,Fast Food
18464647,Fast Food
18464647,North Indian
18371391,Street Food
18017240,North Indian
18464640,Pizza
18261161,North Indian
18261161,Mughlai
18464638,North Indian
18464638,Fast Food
302694,Mithai
18358184,North Indian
18358184,Mughlai
8715,South Indian
8715,Street Food
8715,Desserts
641,Cafe
308033,Chinese
307099,Desserts
307099,Bakery
18312575,South Indian
18312575,North Indian
18312652,North Indian
18312652,South Indian
18312652,Chinese
310666,Chinese
310666,North Indian
7434,Desserts
7434,Ice Cream
7434,Fast Food
305859,Bakery
308037,Raw Meats
308037,North Indian
308037,Fast Food
18435837,Fast Food
18441658,Street Food
558,North Indian
558,Chinese
558,Fast Food
300485,North Indian
7416,North Indian
301927,North Indian
18288199,Continental
18288199,European
18288199,North Indian
301931,South Indian
311385,Chinese
311385,North Indian
18175322,North Indian
18175322,Mughlai
7419,North Indian
9280,Desserts
18241874,North Indian
18241874,Mughlai
18241874,Awadhi
303250,Fast Food
303250,North Indian
313163,Bakery
313163,Desserts
18398504,Mithai
301932,Desserts
301932,Street Food
18312572,North Indian
18371399,Bengali
18371399,Chinese
18431177,Biryani
18371405,Fast Food
18371405,Chinese
312926,Chinese
18349241,North Indian
18431181,Chinese
18431187,Chinese
18393288,Raw Meats
18393288,Fast Food
8718,Fast Food
8718,Desserts
18462571,Chinese
18462571,Fast Food
18460302,North Indian
18431183,North Indian
301925,North Indian
301885,North Indian
18295497,Mithai
18295497,Street Food
18460299,Chinese
1973,North Indian
1973,Fast Food
18369770,Chinese
312848,North Indian
18474850,Raw Meats
18474850,Fast Food
18474850,North Indian
18429186,Mughlai
18312656,Chinese
18416741,Fast Food
18425182,Chinese
18425182,Fast Food
18464625,Chinese
18464625,North Eastern
18435330,Fast Food
18435326,Chinese
18435326,Fast Food
18435326,Bakery
18464648,Chinese
18464648,North Indian
18464629,Chinese
18464629,North Indian
18435322,Fast Food
18014151,North Indian
18014151,Chinese
18014151,South Indian
18375378,North Indian
18375378,South Indian
310408,North Indian
310408,Mughlai
1185,American
1185,Tex-Mex
1185,Italian
1185,Mexican
1185,North Indian
5536,North Indian
18393213,Mithai
18393213,North Indian
18393213,Street Food
18393213,Chinese
18393213,South Indian
18393213,Indian
308336,Cafe
637,Cafe
313159,Ice Cream
313159,Beverages
313159,Fast Food
3608,Pizza
3608,Fast Food
3636,North Indian
3636,Street Food
312790,North Indian
5537,North Indian
5537,Street Food
5537,Fast Food
308347,North Indian
2602,South Indian
2602,Chinese
3638,North Indian
3638,Chinese
18017281,North Indian
18017281,South Indian
18017281,Fast Food
3607,South Indian
3069,North Indian
3069,Chinese
18268390,Finger Food
18268390,Italian
18268390,Middle Eastern
196,Fast Food
196,Burger
5487,North Indian
308331,Italian
308331,Pizza
308331,Fast Food
18126080,South Indian
18126080,North Indian
18126080,Chinese
148,American
148,Fast Food
148,Salad
148,Healthy Food
18412898,Mughlai
5528,North Indian
17953929,North Indian
17953929,Fast Food
18355121,North Indian
9210,North Indian
2703,North Indian
18478963,North Indian
2232,North Indian
2232,Mughlai
2775,Bengali
2775,Seafood
311623,Finger Food
311077,North Indian
492,North Indian
492,South Indian
492,Fast Food
492,Street Food
492,Chinese
492,Beverages
492,Desserts
492,Mithai
304030,Cafe
18366028,Fast Food
18366028,Italian
18366028,Pizza
18168143,Desserts
18294246,North Indian
18294246,Fast Food
2370,South Indian
2370,Chinese
3893,Pizza
3893,Fast Food
5366,North Indian
5366,Mughlai
18037828,Fast Food
18037828,Beverages
2377,North Indian
2377,South Indian
2377,Fast Food
18384151,Burger
18384151,Fast Food
2966,North Indian
2966,Mughlai
257,Italian
257,Pizza
257,Fast Food
2380,North Indian
2380,Fast Food
2380,Chinese
18285222,Fast Food
309463,North Indian
309463,Chinese
18219550,Cafe
18219550,Chinese
3230,American
3230,Fast Food
3230,Salad
3230,Healthy Food
309542,North Indian
309542,Italian
309542,Chinese
309542,Thai
2965,Fast Food
2965,Chinese
3372,Street Food
312223,Burger
312223,Fast Food
8828,Cafe
2524,Fast Food
2524,Chinese
18458640,Fast Food
2532,Ice Cream
2532,Desserts
5368,Fast Food
5368,North Indian
5368,Beverages
18272383,Fast Food
18272383,Burger
18332018,Chinese
18423901,Desserts
18423901,Beverages
1969,North Indian
1969,Chinese
18455548,Chinese
310126,Fast Food
5291,North Indian
5291,Chinese
5291,Street Food
3522,Fast Food
3522,Beverages
18345519,Fast Food
18345519,Beverages
305967,Cafe
18432015,Cafe
18204820,North Indian
18361244,Bakery
9561,North Indian
9561,Chinese
18466059,Fast Food
18466059,Beverages
18361780,North Indian
18361780,Chinese
18361780,Continental
18208880,Cafe
18208880,Tea
307620,North Indian
307620,Chinese
307620,Italian
307620,Mexican
307620,Lebanese
302242,North Indian
302242,Chinese
302242,Italian
302242,Lebanese
302242,Mexican
310348,North Indian
310348,Continental
310348,Chinese
310348,Fast Food
309680,North Indian
309680,Mughlai
1508,Bakery
1508,Desserts
1508,Fast Food
18312565,Thai
18312565,Chinese
311553,Fast Food
311553,North Indian
7720,North Indian
7720,Mughlai
7720,Chinese
308332,North Indian
308332,Fast Food
308332,Chinese
308332,Mithai
306331,Bakery
306331,Desserts
18303863,North Indian
18303863,Mughlai
212,Pizza
212,Fast Food
304183,North Indian
304183,South Indian
304183,Chinese
304183,Mithai
1915,Mithai
1915,Street Food
5901,Raw Meats
5901,North Indian
5901,Fast Food
311824,Pizza
311824,Fast Food
18376488,Beverages
300013,North Indian
181,Fast Food
181,Burger
18277019,North Indian
18277019,Chinese
18277019,Fast Food
7721,North Indian
7721,Mughlai
308334,North Indian
308334,Chinese
309675,Biryani
309675,North Indian
300020,North Indian
300020,Mughlai
7717,South Indian
7717,Chinese
303547,Biryani
303547,Mughlai
18228903,Chinese
18228903,Japanese
18228903,Thai
18428200,Bakery
18428200,Desserts
18144480,North Indian
18144480,Mughlai
18144480,Chinese
302945,Kerala
302945,Biryani
18471283,Cafe
18471283,Healthy Food
18471283,Continental
18337892,North Indian
18337892,Mughlai
18337892,Chinese
267,Italian
267,Pizza
267,Fast Food
18424893,Sushi
18424893,Asian
306526,Bakery
306526,Desserts
18133511,North Indian
18456744,Turkish
18456744,Arabian
18456744,Moroccan
18456744,Lebanese
303559,North Indian
18352261,Fast Food
310692,Bakery
18313141,Cafe
312446,Bakery
312446,Desserts
18245296,Bakery
18245296,Desserts
18254540,Pizza
18354644,North Indian
7684,North Indian
18180047,North Indian
18180047,Mughlai
18180047,Chinese
18366586,Chinese
18366586,Indian
112,Chinese
112,Seafood
112,Asian
1903,Cafe
1903,Italian
1903,Lebanese
300710,Mughlai
308065,North Indian
308065,Fast Food
18441549,Bakery
3685,North Indian
3685,Mughlai
303599,Mughlai
303599,Biryani
462,Mughlai
462,North Indian
18474567,North Indian
18434504,Mughlai
680,Fast Food
680,North Indian
680,South Indian
18222581,North Indian
18432628,North Indian
18357551,Chinese
18357551,South Indian
18360900,North Indian
18358168,Fast Food
18358168,Beverages
18472680,Bakery
18409180,Fast Food
18409180,North Indian
18429188,North Indian
18429188,Chinese
18429188,South Indian
310164,North Indian
7712,Mughlai
7712,North Indian
7712,Chinese
18311948,North Indian
18311948,Fast Food
7483,Bakery
7483,Desserts
18355004,Fast Food
18355004,Beverages
18291238,Healthy Food
18472436,Chinese
18472436,Thai
9037,North Indian
9037,Street Food
9037,South Indian
9037,Fast Food
9037,Chinese
18391581,Healthy Food
18391581,Juices
7077,Cafe
306586,Pizza
306495,Pizza
306495,Fast Food
9061,South Indian
18357946,Burger
18357946,Desserts
18357946,Fast Food
308991,Ice Cream
308991,Desserts
7071,Desserts
7071,Ice Cream
18282040,Beverages
8379,American
8379,Fast Food
9040,Desserts
9040,Ice Cream
18367984,Fast Food
4455,Chinese
4454,North Indian
4454,Mughlai
4560,Cafe
4563,Ice Cream
4563,Desserts
5062,Continental
5062,North Indian
5062,Italian
4568,Italian
4566,American
4566,Fast Food
4566,Salad
4566,Healthy Food
18383434,Ice Cream
18383434,Beverages
308972,Beverages
307560,Ice Cream
307560,Desserts
18336478,Italian
18336478,Continental
18336478,Fast Food
18336478,North Indian
309004,Fast Food
18492109,European
18492109,American
18492109,Street Food
6283,North Indian
6283,Mughlai
6356,North Indian
6356,Chinese
6356,Finger Food
18356800,Finger Food
18253103,North Indian
18253103,Street Food
18253103,Fast Food
18253103,Chinese
18253103,South Indian
18253103,Mithai
304152,Cafe
18287392,Cafe
3116,Cafe
3116,North Indian
3116,Fast Food
308620,North Indian
308620,Chinese
300608,Chinese
302162,North Indian
302162,Fast Food
302162,Chinese
302162,Japanese
302162,Asian
302162,Italian
308187,Pizza
308187,Fast Food
8292,Cafe
8292,Fast Food
8292,Asian
8292,Italian
307114,North Indian
307114,Chinese
307114,Tibetan
307114,Italian
307114,Fast Food
18408059,Chinese
18408059,Thai
18408059,Seafood
18408059,North Indian
18408059,Italian
308614,North Indian
308614,Chinese
308614,South Indian
304217,North Indian
304217,Bengali
302724,North Indian
302724,Chinese
5799,South Indian
3117,North Indian
3117,Chinese
3117,Continental
300639,North Indian
18384879,Biryani
18481280,Fast Food
300635,Street Food
300635,Mithai
302159,North Indian
302159,Chinese
302159,Fast Food
18204494,North Indian
18204494,Chinese
18204494,Continental
305135,North Indian
305135,Continental
302155,North Indian
302155,Chinese
302155,Fast Food
3119,North Indian
3119,Chinese
3119,Continental
3119,Italian
3254,Chinese
3254,Continental
3254,North Indian
302272,North Indian
300616,Fast Food
300616,Chinese
300616,Mithai
300616,Street Food
5796,North Indian
5796,Chinese
5796,Italian
5796,Continental
310595,North Indian
310595,Mughlai
310595,Chinese
303788,Fast Food
303788,Continental
303788,Italian
303788,Bakery
305490,North Indian
300620,North Indian
18218076,Mughlai
308682,Italian
308682,Pizza
308682,Fast Food
18198465,Continental
18198465,Fast Food
311879,North Indian
311879,Chinese
1888,North Indian
1888,Mughlai
301191,North Indian
301191,Chinese
301191,Fast Food
6345,North Indian
6345,Mughlai
18272388,Street Food
6355,South Indian
6355,North Indian
300571,South Indian
300571,North Indian
302173,North Indian
5801,Chinese
5801,Italian
5801,North Indian
18261165,North Indian
18261165,Chinese
18261165,Continental
18261165,Thai
302188,Continental
302188,North Indian
302188,Chinese
18017258,North Indian
18017258,Continental
3094,North Indian
3094,Mughlai
3094,Chinese
3118,North Indian
6359,North Indian
6359,Chinese
6359,Continental
18252250,North Indian
5949,North Indian
18409188,Street Food
18409188,North Indian
18409188,South Indian
18409188,Mithai
5753,North Indian
18354666,Cafe
18354666,Italian
305025,Beverages
311468,Street Food
18381669,North Indian
18381669,Chinese
18273527,North Indian
6075,Street Food
306750,Chinese
306750,Fast Food
306739,Chinese
18312564,Fast Food
18312564,Pizza
306741,North Indian
306741,Mughlai
306741,Chinese
9974,North Indian
9974,Mughlai
300529,Street Food
300529,Desserts
312169,Pizza
312169,Fast Food
301783,Desserts
301783,Street Food
9218,North Indian
301994,North Indian
306729,North Indian
9207,Mithai
9207,Street Food
306743,Mithai
306743,Street Food
306733,North Indian
302042,Mithai
18231755,Mithai
18231755,Street Food
18231755,North Indian
18231755,South Indian
18228878,North Indian
302011,Mithai
18366001,North Indian
18368020,North Indian
301786,Fast Food
302221,Mithai
302221,Street Food
302175,North Indian
18431171,North Indian
18431171,Mughlai
18431171,Chinese
17989108,North Indian
18449798,Pizza
18449798,Fast Food
313287,Desserts
313287,Ice Cream
313287,Fast Food
312161,Ice Cream
312161,Bakery
18368003,North Indian
312153,Chinese
18449651,Chinese
18431159,Mughlai
18350870,Pizza
18350870,Fast Food
302002,Street Food
312146,Street Food
18431173,North Indian
18431173,South Indian
18431173,Chinese
18372324,Chinese
18445631,Chinese
18445631,Fast Food
18431151,Mughlai
18378581,Chinese
18378581,North Indian
18406823,Fast Food
301867,Bakery
306657,Pizza
306747,Street Food
18376478,North Indian
18376478,Chinese
301775,Pizza
301775,Fast Food
313012,Pizza
313012,Fast Food
18466429,North Indian
18222029,North Indian
18222029,Fast Food
18222029,Mithai
302782,Mithai
302782,Street Food
18440259,North Indian
18369764,North Indian
18369764,Mughlai
18369764,Chinese
17989110,North Indian
18369751,North Indian
302046,Biryani
18431105,Bakery
18431105,Fast Food
18489651,North Indian
18489651,Chinese
306749,Fast Food
308128,Street Food
306653,Street Food
18433910,Burger
18433910,Fast Food
18435287,Cafe
18435287,Tea
18433897,Chinese
18433897,Thai
18435820,Pizza
18435289,Pizza
18435289,Fast Food
18438424,Burger
18438424,Desserts
18438424,Fast Food
18435290,Beverages
18433864,Mughlai
18433864,North Indian
18435829,Chinese
18435829,Fast Food
7618,Fast Food
7618,North Indian
3637,North Indian
3637,Mughlai
302277,Bakery
18216942,Chinese
18216942,Thai
5784,Ice Cream
5784,Desserts
5783,Ice Cream
800,North Indian
800,Mughlai
800,Chinese
73,Chinese
73,Thai
73,Japanese
308537,Ice Cream
308537,Desserts
803,North Indian
803,Mughlai
803,Chinese
103,North Indian
18421051,North Indian
799,North Indian
799,Mughlai
801,North Indian
308845,Street Food
306826,South Indian
306826,Chinese
18432030,North Indian
18432030,Chinese
18466825,South Indian
18491638,South Indian
18499474,Pizza
18499474,Fast Food
18440169,North Indian
18440169,Chinese
18393448,Beverages
18393448,Healthy Food
18294222,Street Food
18294222,Chinese
18232109,Biryani
303468,Mithai
18289272,North Indian
18440436,Biryani
18372299,Pizza
18244429,North Indian
18449949,North Indian
311199,North Indian
300801,Mughlai
300801,Fast Food
18293989,Bakery
18440163,Mughlai
18440163,North Indian
18303817,Fast Food
312913,Pizza
312913,Fast Food
5645,Chinese
5645,North Indian
312387,Bakery
312387,Fast Food
5594,Cafe
18175309,Bakery
312990,North Indian
312990,Mughlai
312990,Chinese
18233577,Ice Cream
18233577,Desserts
309836,Bakery
7692,Chinese
7692,Fast Food
18224548,Pizza
213,Pizza
213,Fast Food
7488,Raw Meats
7488,North Indian
7488,Fast Food
18356817,Fast Food
18356817,Italian
18356817,Pizza
1987,Mithai
1987,Street Food
18241871,Chinese
18241871,Thai
300337,Fast Food
18232113,North Indian
303018,North Indian
300318,North Indian
18070479,North Indian
18070479,Chinese
18070479,Fast Food
9956,Fast Food
9956,Burger
5652,South Indian
7330,South Indian
7330,Fast Food
4801,North Indian
9853,Pizza
9853,Fast Food
308929,Italian
308929,Pizza
308929,Fast Food
300344,Fast Food
18372287,Bakery
18372287,Desserts
18372287,Fast Food
18198449,North Indian
18198449,South Indian
18198449,Chinese
300343,North Indian
300343,Chinese
300323,Desserts
300323,Fast Food
300323,Chinese
2366,North Indian
2366,Chinese
300334,Street Food
300321,North Indian
300321,Mughlai
5655,South Indian
5655,Chinese
7274,South Indian
7274,Chinese
9670,South Indian
9670,North Indian
9670,Chinese
311957,Chinese
1990,Chinese
1990,Fast Food
18279470,North Indian
18279470,Chinese
18279470,Fast Food
307965,Mughlai
18336183,Biryani
18336183,North Indian
18472416,North Indian
306636,Fast Food
306636,Street Food
300335,North Indian
300335,Mughlai
311379,North Indian
311379,Mughlai
18379474,North Indian
309307,Street Food
312425,Fast Food
7291,Bakery
7291,Fast Food
18163915,North Indian
18163915,Chinese
18163915,Fast Food
18233583,Biryani
18233583,North Indian
310630,Chinese
310630,Fast Food
7271,North Indian
7271,Chinese
7271,Mughlai
18138442,American
18138442,Fast Food
18138442,Salad
18138442,Healthy Food
308559,North Indian
308559,Continental
308559,Chinese
18358841,Fast Food
18358841,Desserts
18397140,North Indian
18397140,Mughlai
18397140,Chinese
18168171,Chinese
18168171,North Indian
18458961,North Indian
18208914,Bakery
18208914,Desserts
18208914,Fast Food
18231410,Bakery
18231410,Desserts
18037850,Ice Cream
18037850,Desserts
307501,North Indian
307501,Kashmiri
307501,Mughlai
3362,North Indian
3362,Chinese
3362,Seafood
18424879,Chinese
18363074,North Indian
18386078,Bakery
313146,North Indian
313146,Chinese
3967,North Indian
3967,Mughlai
18378050,Continental
18378050,Italian
18378050,North Indian
18378050,Lebanese
309685,Street Food
309685,South Indian
8940,North Indian
300672,North Indian
300672,South Indian
300672,Chinese
300672,Fast Food
313355,North Indian
313355,Mughlai
313355,Chinese
2958,North Indian
2958,Mughlai
304093,North Indian
304093,Mughlai
6453,Chinese
18456456,North Indian
18456456,Chinese
18456456,Continental
18456456,Thai
18306511,Bakery
18306511,Fast Food
18306511,Chinese
214,Pizza
214,Fast Food
3892,Pizza
3892,Fast Food
300873,Chinese
300873,Fast Food
307419,North Indian
307419,Chinese
5862,Ice Cream
5862,Desserts
18477957,Ice Cream
18477957,Desserts
18398575,Mithai
18398575,Street Food
1123,Ice Cream
1123,Desserts
313443,North Indian
313443,Mughlai
306816,Ice Cream
306816,Desserts
312471,Desserts
312471,Bakery
312471,Fast Food
194,Fast Food
194,Burger
1959,North Indian
1959,Mughlai
17977763,Fast Food
8941,North Indian
8941,Chinese
308607,Chinese
308607,Fast Food
313442,Chinese
313442,Fast Food
18358201,Chinese
18358201,Italian
18358201,Continental
5392,North Indian
5392,Chinese
312334,North Indian
312334,Chinese
18396440,North Indian
18396440,Mughlai
18396440,Chinese
3966,North Indian
304389,Chinese
18175260,North Indian
18175260,Chinese
18175260,Italian
18057827,North Indian
18057827,Mughlai
8961,North Indian
8961,Mughlai
312327,Chinese
306809,North Indian
306809,Fast Food
9792,North Indian
9792,Mughlai
18218787,Cafe
18218787,North Indian
18218787,Chinese
311512,American
311512,Fast Food
311512,Salad
311512,Healthy Food
18421020,North Indian
18421020,Continental
18421020,Chinese
308364,Bakery
308364,Desserts
307276,Bakery
307276,Fast Food
307276,Chinese
18350101,North Indian
18361220,Chinese
18361220,Fast Food
311576,Fast Food
300836,Street Food
300836,North Indian
18265418,North Indian
18265418,Chinese
18265418,Fast Food
18017253,Bakery
18017253,Desserts
18017253,Fast Food
300872,Mithai
3333,Mithai
3333,Street Food
6451,South Indian
6451,Chinese
6454,Raw Meats
6454,North Indian
6454,Fast Food
18476960,Chinese
18476960,Continental
18398592,Hyderabadi
18398592,Fast Food
18265676,Continental
18265676,North Indian
3080,Mughlai
3080,North Indian
3080,Chinese
313173,Fast Food
313173,Healthy Food
18476896,Bakery
306011,Street Food
4683,North Indian
18222572,Bakery
18222572,Fast Food
18464054,Fast Food
8964,Bakery
18322667,Chinese
18322667,Beverages
311209,North Indian
311209,Biryani
311209,Chinese
311209,Fast Food
6449,Street Food
18363081,Fast Food
18363081,Desserts
18363081,Beverages
18451571,North Indian
18359282,Chinese
18361222,Mughlai
18358182,Pizza
18358182,Fast Food
18361223,South Indian
18361223,Chinese
18451573,Desserts
18451573,Beverages
18396396,Fast Food
312763,Chinese
307444,North Indian
307444,Mithai
307444,South Indian
307444,Street Food
307444,Chinese
305398,South Indian
305398,North Indian
305398,Chinese
302815,Biryani
305525,North Indian
305525,South Indian
305525,Bihari
313481,Chinese
313481,Fast Food
18359287,Chinese
18199151,Bakery
18199151,Desserts
311162,Fast Food
18204823,Ice Cream
18204823,Desserts
302465,Street Food
302465,Mithai
18359296,North Indian
18359296,Mughlai
18359296,Chinese
300925,Chinese
307026,Chinese
307026,North Indian
18352220,Bakery
18352220,Desserts
18359300,Bakery
18445759,North Indian
18435210,North Indian
18435210,Chinese
18430914,Beverages
18216703,Chinese
18359285,Beverages
18359289,South Indian
18359289,North Indian
18057816,Asian
18057816,North Indian
18057816,Japanese
18303432,North Indian
18303432,Mughlai
3790,North Indian
3790,South Indian
3790,Fast Food
3790,Street Food
3790,Chinese
3790,Mithai
2509,North Indian
2509,Mughlai
2509,Chinese
18238913,North Indian
18238913,Continental
18238913,Mughlai
215,Pizza
215,Fast Food
3793,Ice Cream
3793,Desserts
18244250,Mithai
18244250,Street Food
18372294,Raw Meats
18372294,North Indian
18372294,Fast Food
6261,Street Food
6261,Mughlai
18376484,North Indian
468,Mughlai
468,North Indian
8276,Chinese
8276,North Indian
8276,Mughlai
6120,North Indian
18252395,North Indian
18252395,Chinese
18252395,Mughlai
18180073,North Indian
18180073,Chinese
18441678,Desserts
18441678,Ice Cream
18400762,Bakery
306492,Bakery
8488,Mithai
8488,Street Food
310536,North Indian
310536,Mughlai
310536,Chinese
308360,South Indian
308360,North Indian
308360,Chinese
18017248,North Indian
312855,North Indian
312855,Chinese
18463971,North Indian
18463971,Chinese
8600,Fast Food
18380143,North Indian
18380143,Mughlai
18380143,Chinese
18254520,Bakery
18254520,Desserts
18254520,Fast Food
18222554,Cafe
18462589,Ice Cream
18336474,Tea
18336474,Beverages
18336474,Fast Food
18336477,North Indian
18382047,Mughlai
18441566,Chinese
18441669,North Indian
18396358,Ice Cream
18396358,Desserts
6248,North Indian
308832,Fast Food
308832,Italian
18421030,Chinese
18378016,Fast Food
18378016,Bakery
310889,Chinese
310889,Fast Food
308837,Fast Food
308837,Chinese
18441685,Fast Food
6249,North Indian
312860,Chinese
18378023,Chinese
18107855,North Indian
18107855,Mughlai
18396955,North Indian
310896,Chinese
310896,North Indian
5446,North Indian
5446,Chinese
5448,North Indian
18408062,North Indian
18415386,Continental
18415386,North Indian
18397621,Bakery
18369301,Street Food
309383,Continental
309383,Italian
310801,Fast Food
310801,Chinese
310801,North Indian
495,North Indian
495,South Indian
495,Fast Food
495,Street Food
495,Chinese
495,Beverages
495,Mithai
18241532,Bakery
18445783,Cafe
18352179,Pizza
309309,Bakery
309309,Desserts
8272,Desserts
1998,North Indian
1998,Mughlai
1120,North Indian
18369772,Japanese
18369772,Chinese
216,Pizza
216,Fast Food
303051,Chinese
6905,Chinese
307551,Ice Cream
307551,Desserts
306267,North Indian
306267,Chinese
306267,Mughlai
306170,North Indian
306170,Mughlai
3972,North Indian
2951,Chinese
2951,Bakery
308242,North Indian
308242,Mughlai
308242,Chinese
308242,Fast Food
18153553,North Indian
18153553,Continental
18153553,Italian
18153553,Thai
18153553,Chinese
311025,North Indian
311025,Mughlai
311025,Chinese
309578,Chinese
309578,North Indian
309578,Italian
476,North Indian
476,Mughlai
476,Chinese
310359,Bakery
310359,Fast Food
1308,Raw Meats
1308,Fast Food
301657,South Indian
301657,North Indian
301657,Chinese
309188,Chinese
309188,Thai
8801,American
8801,Fast Food
8801,Salad
8801,Healthy Food
1986,Bakery
1986,Fast Food
304212,North Indian
18288046,North Indian
18288046,Chinese
18288046,Continental
18288046,Fast Food
18082238,Chinese
18082238,North Indian
18082238,Continental
18082238,Italian
18228854,North Indian
18228854,Chinese
18228854,Mughlai
303105,Fast Food
303105,North Indian
308067,Chinese
308067,Fast Food
308067,North Indian
18420452,North Indian
18420452,Chinese
18420452,Continental
1054,North Indian
1054,Mughlai
312634,Lebanese
312634,Arabian
3516,North Indian
3516,Mughlai
3516,Chinese
3516,Seafood
5595,Cafe
18232108,Fast Food
18232108,Turkish
18358681,North Indian
18358681,Chinese
18358681,Italian
18358681,Continental
18418237,North Indian
9230,Fast Food
9230,Street Food
6901,Street Food
6901,Mithai
18403003,Desserts
311421,Bakery
311421,Desserts
176,Fast Food
176,Burger
1992,North Indian
1992,Mughlai
1992,Chinese
18287382,Healthy Food
18287382,Continental
18287382,Juices
18287382,Salad
18294251,Fast Food
18294251,Beverages
18291260,Continental
18291260,Italian
18291260,North Indian
311836,North Indian
311836,Biryani
311836,Chinese
311836,Fast Food
18198459,North Indian
18198459,Finger Food
18198459,Italian
18198459,Chinese
18224547,Chinese
307911,Bakery
307911,Desserts
18287876,Bakery
18287876,Desserts
18375379,North Indian
18375379,Continental
18375379,Italian
7167,Lebanese
7167,Chinese
219,Pizza
219,Fast Food
572,North Indian
572,Mughlai
572,Chinese
302381,North Indian
302381,Mughlai
309232,American
309232,Fast Food
309232,Salad
309232,Healthy Food
18303828,Burger
18303828,Fast Food
2222,Lebanese
175,Fast Food
175,Burger
18400733,Fast Food
18400733,Street Food
18303724,Italian
18303724,Continental
18303724,North Indian
731,Fast Food
731,North Indian
18219522,North Indian
18219522,Chinese
18219522,Mexican
18219522,Italian
18219522,Thai
18219522,Lebanese
18219554,Cafe
18219554,Italian
7797,North Indian
7797,Fast Food
18352263,Pizza
18312571,Chinese
18312571,North Indian
18421038,Cafe
18412894,Bakery
18412894,Fast Food
18312463,North Indian
18332442,North Indian
18345771,Chinese
18345771,North Indian
18345771,South Indian
18414497,Fast Food
18355275,Fast Food
18355275,North Indian
18355275,Chinese
18398593,North Indian
18398593,Chinese
18312455,Biryani
18025131,Street Food
18161591,North Indian
18312459,North Indian
18312459,Chinese
302573,North Indian
18352264,North Indian
3555,North Indian
3555,Mughlai
18414494,North Indian
18414494,Chinese
18306540,North Indian
18153550,North Indian
18439705,North Indian
7809,Chinese
7809,Fast Food
307171,North Indian
300271,Mithai
300271,Street Food
345,North Indian
345,Mughlai
307865,Raw Meats
307865,North Indian
307865,Fast Food
307168,North Indian
307168,South Indian
307168,Chinese
1859,North Indian
301229,North Indian
301229,Chinese
307169,North Indian
306291,North Indian
306291,Mughlai
18428880,Chinese
18428880,North Indian
3381,Mughlai
3381,North Indian
8853,South Indian
301154,Bakery
301154,Fast Food
309365,North Indian
309365,Biryani
309365,Chinese
309365,Fast Food
18427212,Fast Food
18427212,Mughlai
18427212,Armenian
313127,South Indian
313127,Chinese
313127,Mithai
18486867,Biryani
18472665,Biryani
18486861,South Indian
18486861,Biryani
18396151,Chinese
18396151,Fast Food
18434343,North Indian
18434343,Mughlai
18478389,Bakery
18478389,Desserts
18472663,North Indian
18472663,Fast Food
18486866,North Indian
18486866,Mughlai
18486866,Armenian
18486869,Chinese
18486845,North Indian
18325509,Chinese
18352268,North Indian
18289261,North Indian
18289261,South Indian
18289261,Bakery
18289261,Italian
18352180,North Indian
18469974,Pizza
18469974,Fast Food
18489530,North Indian
18425179,North Indian
18461352,North Indian
18461352,Mughlai
18352172,North Indian
18486857,North Indian
18486857,Fast Food
301227,North Indian
301227,Mughlai
301227,Chinese
7060,South Indian
613,Cafe
3549,Finger Food
302282,Thai
3546,Cafe
302283,Bakery
3545,North Indian
3545,Continental
3545,Italian
3547,North Indian
3547,Mughlai
4490,Desserts
4490,Bakery
4488,Finger Food
186,Fast Food
186,Burger
3124,Mughlai
3124,North Indian
3124,Chinese
18057792,Street Food
18057792,North Indian
18057792,Chinese
18057792,Continental
1641,Italian
1641,North Indian
1641,Chinese
1641,Mughlai
18368023,Street Food
18438896,Fast Food
18479012,Chinese
18479008,Fast Food
7242,Chinese
7242,Fast Food
312920,North Indian
312920,Mughlai
312920,Chinese
308051,North Indian
308051,Mughlai
3135,North Indian
3135,Chinese
3135,Mughlai
693,Ice Cream
7399,Mithai
7399,Street Food
18375392,Biryani
5527,Cafe
7407,Chinese
7407,Fast Food
18279476,Street Food
18294260,North Indian
18294260,Chinese
7409,North Indian
7409,Beverages
8912,Pizza
8912,Fast Food
18224550,North Indian
18363093,Italian
18363093,Continental
18363093,Fast Food
18363093,Chinese
307511,North Indian
307511,Chinese
18369767,Chinese
17977795,North Indian
17977795,Chinese
17977795,Mughlai
18455210,Fast Food
18455210,North Indian
18455210,Chinese
313258,Raw Meats
313258,Fast Food
7452,North Indian
7373,Ice Cream
7373,Desserts
309445,Raw Meats
309445,North Indian
309445,Fast Food
18468651,Ice Cream
18468651,Desserts
8671,Chinese
8671,Fast Food
308049,Biryani
308049,North Indian
307519,North Indian
307519,Chinese
18034082,Bakery
18237343,North Indian
8658,Fast Food
307702,South Indian
307702,Chinese
300300,Chinese
3131,North Indian
3131,Chinese
3131,Mughlai
18446480,Fast Food
18446480,Maharashtrian
18446480,North Indian
311383,North Indian
2751,North Indian
2751,Mughlai
2751,Chinese
18395392,Ice Cream
18395392,Desserts
306067,Biryani
306067,North Indian
8688,North Indian
7306,Street Food
7306,Mithai
18277238,North Indian
18277238,Chinese
18107869,Fast Food
7442,Raw Meats
7442,North Indian
7448,North Indian
307075,Raw Meats
307075,Fast Food
305392,South Indian
305392,North Indian
305392,Chinese
18248991,Raw Meats
18248991,Fast Food
18420444,Mughlai
311787,Fast Food
8660,Mithai
8660,Street Food
18282048,North Indian
8666,Chinese
8666,Fast Food
8667,South Indian
7441,American
7441,Fast Food
7441,Salad
7441,Healthy Food
3132,North Indian
3132,Chinese
7342,North Indian
301242,North Indian
301242,Mughlai
18429387,North Indian
18429387,Chinese
18453448,Cafe
18453448,Fast Food
18453448,Pizza
18369771,Mughlai
309255,North Indian
309255,Chinese
309255,Fast Food
307278,South Indian
311760,Chinese
311760,Fast Food
18443750,Burger
18443750,Fast Food
307700,Desserts
307700,Ice Cream
18381646,Burger
18381646,Fast Food
308054,Fast Food
308054,North Indian
18427200,Italian
18427200,Chinese
18427200,North Indian
7427,North Indian
18261149,Cafe
18261149,South Indian
18261149,North Indian
18261149,Bakery
18322646,Continental
18322646,Healthy Food
310912,Cafe
310912,Italian
310912,Chinese
18334635,Mughlai
18334635,North Indian
18487016,Cafe
18487016,Bakery
18480928,Street Food
18446486,North Indian
18446486,Italian
18446486,Continental
7401,Mithai
7401,Street Food
18237341,North Indian
18237341,South Indian
18237341,Chinese
7428,Bakery
7428,Fast Food
18420467,Bakery
18420467,Fast Food
18332869,North Indian
18332869,Mughlai
18332869,Chinese
18241878,Mughlai
18241878,North Indian
312959,North Indian
978,North Indian
978,Mughlai
306910,Mithai
307135,Continental
307135,North Indian
307135,Chinese
307135,Cafe
18363209,Cafe
18454700,Bakery
308791,Fast Food
312589,North Indian
312589,Chinese
312589,Mughlai
977,North Indian
977,Chinese
8649,North Indian
8649,Chinese
309435,North Indian
309435,Mughlai
18371401,North Indian
307138,North Indian
307138,Chinese
307138,Continental
18420427,North Indian
305082,Mughlai
305082,North Indian
305082,Chinese
305086,North Indian
305086,Chinese
307541,Raw Meats
307541,North Indian
307541,Fast Food
18281968,Ice Cream
18375382,North Indian
18375382,Chinese
18375382,Mughlai
2537,North Indian
2537,Mughlai
2537,Chinese
311977,North Indian
311977,South Indian
311977,Chinese
974,North Indian
974,Mughlai
4163,Bakery
4163,Fast Food
305694,North Indian
305694,Biryani
305694,Fast Food
2364,Chinese
305688,North Indian
305688,Chinese
18255603,Ice Cream
18255603,Desserts
307548,South Indian
5932,Bakery
5932,Desserts
5932,Fast Food
5932,Street Food
5932,Chinese
5932,Beverages
300397,American
300397,Fast Food
300397,Salad
300397,Healthy Food
969,North Indian
969,Chinese
303122,Fast Food
303122,North Indian
8652,Chinese
18420456,North Indian
18445790,North Indian
313368,Ice Cream
18037817,Thai
18037817,European
18037817,Mexican
18037817,North Indian
18037817,Chinese
18037817,Cafe
304746,American
304746,Asian
304746,European
304746,Seafood
9458,Bakery
9458,Desserts
9458,Fast Food
5878,Street Food
18384134,Bakery
18384134,Fast Food
3086,Chinese
3086,Thai
497,North Indian
497,South Indian
497,Fast Food
497,Street Food
497,Chinese
497,Beverages
497,Desserts
497,Mithai
18461723,Desserts
18461723,Ice Cream
18163908,North Indian
18163908,Mexican
18163908,Chinese
18163908,Italian
18037816,North Indian
18037816,Fast Food
18037816,Italian
18037816,Chinese
18037816,Cafe
312482,Continental
312482,North Indian
312482,Chinese
18222577,Continental
18222577,North Indian
966,Chinese
966,North Indian
217,Pizza
217,Fast Food
18245274,North Indian
5931,Bakery
5931,Fast Food
1158,Ice Cream
1158,Desserts
309845,Italian
309845,North Indian
309845,Continental
18273540,Middle Eastern
18273540,Mediterranean
18273540,North Indian
310768,North Indian
310768,Continental
310768,Chinese
310768,Italian
18322658,Continental
18228867,Continental
18228867,North Indian
18228867,Chinese
18228867,Italian
18228867,Finger Food
18384149,Continental
18384149,Chinese
18384149,Thai
18384149,Mughlai
18384149,North Indian
18294265,European
18294265,Chinese
18294265,North Indian
18294265,Italian
18472653,North Indian
18472653,Chinese
18472653,Continental
188,Fast Food
188,Burger
306014,Bakery
18281954,Healthy Food
18281954,Italian
18281954,Juices
18281954,Beverages
306410,Bakery
306410,Desserts
306410,Fast Food
837,North Indian
837,Mughlai
18438452,Beverages
18438452,Desserts
965,North Indian
965,Chinese
310167,North Indian
310167,Mughlai
310167,Lebanese
17953943,Burger
17953943,Fast Food
18241862,North Indian
18241862,Mediterranean
18241862,Asian
18412880,Cafe
18412880,Continental
18412880,Italian
18412880,North Indian
313071,Chinese
313071,North Indian
313071,Street Food
310395,Continental
310395,Fast Food
310395,North Indian
310395,Asian
6195,North Indian
6195,Chinese
18311919,Bakery
18311919,Desserts
18311919,Fast Food
3083,Chinese
3083,Thai
3083,Continental
3083,North Indian
307549,Mithai
307549,Street Food
7287,Chinese
306476,Continental
306476,Italian
306476,American
18369780,Cafe
18369780,Asian
18369780,Italian
18369780,North Indian
18412888,Continental
18412888,Italian
18412888,North Indian
18412888,Chinese
304233,North Indian
304233,Mangalorean
304233,Chinese
18345778,North Indian
18345778,Chinese
18345778,Continental
18430901,Continental
18430901,North Indian
18430901,Chinese
18430901,Mughlai
18430901,Asian
18427236,Ice Cream
18427236,Desserts
18427236,Beverages
18441764,North Indian
18441764,Mughlai
18441764,Chinese
312476,North Indian
312476,Continental
18421044,North Indian
18421044,Fast Food
18421044,Italian
18421044,Asian
18252401,Kashmiri
18252401,North Indian
18252401,Mughlai
18252401,South Indian
18252401,Maharashtrian
18252401,Gujarati
3077,North Indian
3077,Continental
3077,Mughlai
3077,Asian
300416,North Indian
300416,Street Food
18415387,Continental
18415387,North Indian
18415387,Chinese
18415387,Asian
18322621,Continental
18322621,North Indian
18322621,Chinese
18432011,Continental
18432011,Healthy Food
18254514,North Indian
18254514,Italian
18254514,Chinese
18381259,Continental
18381259,Italian
18381259,Mediterranean
18381259,Asian
18454951,Continental
18454951,Modern Indian
18454951,Asian
300844,Fast Food
3247,North Indian
6481,Fast Food
6481,North Indian
6481,Chinese
6481,South Indian
6481,Ice Cream
8771,Street Food
300862,Bakery
300862,Chinese
300862,Fast Food
4056,North Indian
4056,Chinese
4056,South Indian
4056,Street Food
4056,Fast Food
4056,Mithai
308212,Chinese
308212,Fast Food
303595,North Indian
303595,Mughlai
7679,North Indian
7679,Chinese
7679,Raw Meats
8389,Pizza
8389,Fast Food
9408,North Indian
313336,American
313336,Fast Food
6477,Bakery
6477,Fast Food
191,Fast Food
191,Burger
2000,North Indian
2000,Chinese
2000,South Indian
7137,North Indian
7137,Chinese
311711,Fast Food
6308,North Indian
6308,Mughlai
5283,Bakery
5283,Chinese
5283,Fast Food
5313,North Indian
5313,South Indian
5313,Fast Food
8915,North Indian
8915,Chinese
309429,Raw Meats
309429,Fast Food
309429,North Indian
3114,Chinese
3114,North Indian
3114,Mughlai
3229,American
3229,Fast Food
3229,Salad
3229,Healthy Food
18254676,Fast Food
18254676,Italian
18365897,Biryani
9253,South Indian
9253,Street Food
9253,Mithai
310459,Fast Food
218,Pizza
218,Fast Food
300841,Bakery
300841,Chinese
302466,Street Food
302466,South Indian
309629,North Indian
309629,Mughlai
18312438,Beverages
9348,Fast Food
9348,Burger
304928,North Indian
304928,Mughlai
304928,Chinese
18273634,Fast Food
18246132,North Indian
18246132,Chinese
302302,North Indian
18355152,North Indian
308969,Street Food
302344,South Indian
302344,Chinese
307466,Bakery
307466,Desserts
307466,Fast Food
3108,North Indian
309783,North Indian
309783,Chinese
309783,Fast Food
8883,North Indian
8883,Chinese
300966,North Indian
300966,South Indian
300966,Chinese
18408058,North Indian
18408058,Continental
18408058,European
18408058,American
18408058,Mediterranean
301763,North Indian
18425766,Continental
18382353,Continental
18382353,American
18382353,North Indian
18463962,Cafe
18463962,Bakery
7310,North Indian
7310,Chinese
7310,South Indian
4336,North Indian
4336,Chinese
305517,North Indian
303289,Mithai
18334429,Chinese
309531,North Indian
8216,Fast Food
18384121,Naga
18384121,Tibetan
1775,North Indian
1775,South Indian
1775,Chinese
1775,Street Food
1775,Mithai
300258,Cafe
304107,Cafe
18247034,Cafe
18247034,Bakery
18357109,Chinese
309026,North Indian
309026,South Indian
309026,Chinese
18358685,Mughlai
18358685,North Indian
18358685,Chinese
18219516,Chinese
18461946,Pizza
18461946,Continental
18461946,Beverages
304194,North Indian
304194,Chinese
300280,Tibetan
300280,Chinese
9565,Tibetan
9565,Chinese
18126972,North Indian
18126972,Chinese
18285198,Ice Cream
18285198,Desserts
7318,Raw Meats
7318,North Indian
7318,Fast Food
305514,North Indian
4330,North Indian
304186,Chinese
18219526,Fast Food
18254549,Chinese
18254549,Fast Food
311570,Chinese
309804,Chinese
18144483,Tibetan
18144483,Chinese
309806,Pizza
309806,Fast Food
305516,North Indian
18361271,Naga
311828,North Indian
311828,Mughlai
310436,North Indian
310436,Chinese
310436,Fast Food
5846,North Indian
5846,Chinese
5846,Mughlai
309808,Fast Food
309808,North Indian
18432849,North Indian
18432849,Mughlai
7322,American
7322,Fast Food
7322,Salad
7322,Healthy Food
308219,Bakery
308219,Desserts
18138427,Bakery
18138427,Desserts
18424971,Bakery
18424971,Desserts
18456724,Naga
18456724,Tibetan
18456724,Chinese
18456724,Bakery
300281,Chinese
304187,Chinese
304187,Tibetan
304187,Fast Food
310942,Fast Food
310942,American
310942,Italian
309475,European
309475,North Indian
306870,North Indian
306870,Mughlai
300283,Chinese
300283,Tibetan
18337779,Cafe
18337779,Korean
307464,North Indian
307464,Tibetan
1774,Fast Food
1774,Desserts
7319,North Indian
7319,Chinese
7319,Mughlai
3164,North Indian
3164,Chinese
3164,Mughlai
18458306,Sushi
312130,North Eastern
306581,European
306581,Italian
18357527,Cafe
18357527,American
18357527,Continental
18357527,Nepalese
18337920,Continental
18337920,Fast Food
18416859,North Indian
18485984,Fast Food
18485984,Beverages
18485984,Desserts
18393436,Continental
18393436,Chinese
18393436,Fast Food
310320,Bakery
310320,Desserts
18331664,North Indian
18331664,South Indian
18291208,Mughlai
18291208,North Indian
18285734,Assamese
18334432,North Indian
18416831,Chinese
18416831,North Indian
18416831,Fast Food
18416831,Street Food
18496493,Chinese
18496493,Mughlai
18496493,North Indian
18285204,Chinese
18285204,Thai
628,Cafe
305606,North Indian
305606,Chinese
305606,Fast Food
18396054,Cafe
18396054,North Indian
18396054,Chinese
18237319,European
18237319,Asian
17953911,Naga
18456770,Pizza
1777,North Indian
1777,Mughlai
1777,Chinese
18138443,Mexican
18138443,American
313269,Pizza
313269,Italian
18428536,Fast Food
300231,Mithai
300231,Street Food
300236,Mithai
300236,Street Food
300236,North Indian
300236,South Indian
300236,Chinese
18303837,Pizza
18303837,Fast Food
312827,North Indian
312827,Mughlai
302326,Fast Food
300235,Street Food
300235,North Indian
309192,Bakery
309192,Desserts
2201,North Indian
2201,Mughlai
18355141,Biryani
18408037,North Indian
18489533,North Indian
18489533,Mughlai
18489533,Chinese
18471278,Healthy Food
18471278,Juices
18440160,North Indian
18440160,Mughlai
18354987,North Indian
302314,Mithai
18355145,North Indian
18355137,North Indian
18355137,Chinese
18489523,Bakery
18489523,Fast Food
18408066,Raw Meats
18408066,North Indian
18312586,Bakery
18312586,Fast Food
18492960,North Indian
302311,Bakery
302311,Fast Food
18469965,Asian
18488864,Desserts
18488864,Ice Cream
18488864,Pizza
18470757,North Indian
18355143,North Indian
18465571,American
302318,Mithai
302318,Chinese
18303708,Chinese
18355147,North Indian
311821,Bakery
311821,Desserts
18414500,North Indian
18414500,Chinese
18414500,South Indian
18419682,Fast Food
18419682,North Indian
18203159,North Indian
309152,North Indian
309152,Biryani
309113,North Indian
309113,Chinese
309113,Italian
18398598,Finger Food
18398598,North Indian
18398598,Continental
18398598,Chinese
18398598,Italian
18303720,Chinese
18303720,Italian
18303720,Fast Food
18303716,Pizza
18303716,North Indian
18303716,Continental
300221,Fast Food
18203177,North Indian
18203177,Mughlai
18203177,Chinese
308992,North Indian
18368005,North Indian
18368005,Mughlai
18368005,Chinese
18368005,Fast Food
311517,Fast Food
18282049,South Indian
308166,North Indian
308166,Chinese
256,Italian
256,Pizza
256,Fast Food
18348790,North Indian
309874,Pizza
309874,Fast Food
7131,North Indian
7131,Mughlai
312032,Bakery
312032,Desserts
311370,Asian
311370,Chinese
18233797,North Indian
18233797,Chinese
313311,Chinese
313311,Asian
313311,Mediterranean
313311,Continental
3797,Cafe
309893,Bakery
309893,Desserts
4889,Continental
4889,Italian
4889,North Indian
18373071,Beverages
18238757,Fast Food
18238757,Beverages
311326,Street Food
18255154,North Indian
18255154,Mediterranean
18255154,Asian
18465802,Chinese
18465802,North Indian
18303815,North Indian
18409190,North Indian
18409190,Street Food
18463563,North Indian
311174,Fast Food
311174,Pizza
4726,North Indian
4726,Chinese
18217023,Cafe
18279172,Ice Cream
18279172,Desserts
8621,Cafe
8621,Italian
8621,Lebanese
8621,Continental
8621,Mediterranean
18463567,South American
18124378,European
18124378,Italian
313061,Cafe
18126111,Continental
18126111,American
18126111,Italian
18126111,Seafood
18126111,North Indian
18126111,Cafe
18053052,North Indian
18053052,Continental
18053052,Asian
18034053,Asian
18034053,Sushi
18144458,Thai
306801,Arabian
306801,North Indian
7815,Mithai
7815,Street Food
1461,North Indian
18339800,North Indian
18339800,Fast Food
18339800,Chinese
309728,Raw Meats
309728,North Indian
309728,Fast Food
308536,North Indian
308536,Chinese
18357533,Fast Food
18424619,Fast Food
7824,North Indian
18219530,North Indian
18219530,Chinese
303057,Bakery
303057,Desserts
307409,Bakery
307409,Desserts
7803,Mithai
7803,Street Food
18472439,Biryani
18424883,North Indian
18424883,South Indian
18424883,Mughlai
18357939,South Indian
18357941,North Indian
18357941,Mughlai
18357941,Chinese
310198,Bakery
310198,Desserts
18390309,North Indian
18364414,North Indian
7905,Bakery
18357819,North Indian
7818,Mithai
18357948,North Indian
18357943,Mughlai
18372279,North Indian
18372279,Chinese
18384138,North Indian
18211312,Mithai
18211312,Street Food
7591,Fast Food
7591,Street Food
1634,Chinese
1634,South Indian
307618,Street Food
306535,Street Food
18396418,Bakery
18396418,Fast Food
18357568,Mughlai
18357568,North Indian
18425158,Fast Food
18492652,Beverages
18425149,Chinese
18425149,Fast Food
18489497,Mughlai
18486878,Mughlai
3464,Fast Food
18252361,North Indian
18252361,Chinese
18252361,Fast Food
18252412,Cafe
18252412,Continental
18252412,Italian
18252412,North Indian
1637,Bakery
1637,Fast Food
3463,North Indian
18454499,North Indian
609,Cafe
18441687,Fast Food
18441687,North Indian
305472,Cafe
305472,Fast Food
4649,Chinese
300267,Bakery
300267,Desserts
304976,Bakery
304976,Desserts
18423129,Chinese
18456150,North Indian
18456150,Chinese
18456150,Mughlai
18157391,Desserts
18157391,Beverages
18469968,Continental
18469968,Mexican
18469968,Fast Food
18469968,North Indian
18469968,Chinese
18292083,Cafe
18292083,Italian
18356773,Chinese
309811,Mughlai
18453788,Cafe
18453788,Chinese
18453788,Fast Food
18460981,Chinese
18460981,Fast Food
18287389,Desserts
1629,North Indian
1629,Mughlai
1629,Chinese
18288761,Cafe
18288761,Chinese
18288761,Italian
7603,North Indian
18204486,North Indian
18204486,Chinese
18341806,Chinese
18341806,Continental
18341806,Italian
18341806,North Indian
18423125,North Indian
18423125,Chinese
18175323,Chinese
18175323,Fast Food
18237321,Cafe
18237321,Continental
18237321,Italian
18237321,Mexican
18237321,Chinese
18237321,American
18336489,Cafe
18336489,Continental
18336489,Italian
18336489,Fast Food
312772,Italian
312772,Continental
312772,Mexican
312772,North Indian
351,Fast Food
309140,Cafe
309140,Fast Food
311854,Fast Food
311854,Italian
311854,Beverages
18391128,Continental
18391128,American
18391128,Italian
18391128,North Indian
18391128,Chinese
18228894,Cafe
18228894,Italian
18228894,Chinese
18228894,North Indian
18429392,North Indian
18429392,Chinese
18364239,Chinese
18364239,Continental
300815,Cafe
300815,Italian
300815,North Indian
18322638,Cafe
18322638,Fast Food
2215,Chinese
2215,Thai
2215,Japanese
2215,Tibetan
304162,Street Food
304162,Chinese
304162,North Indian
18157395,North Indian
18157395,Chinese
18157395,Italian
309865,North Indian
309865,Chinese
309865,Fast Food
309865,Cafe
18249109,Ice Cream
18249109,Desserts
18355138,Fast Food
300185,Fast Food
300185,Burger
300269,Fast Food
18398506,Cafe
18398506,North Indian
18398506,Chinese
313296,Chinese
313296,Thai
313296,Continental
313296,Fast Food
313296,North Indian
18445781,Cafe
18372705,Cafe
18372705,North Indian
18372705,Continental
18372705,Italian
4278,American
4278,Fast Food
4278,Salad
4278,Healthy Food
18312446,Sushi
18312446,Asian
18261701,Cafe
18424602,Cafe
18358164,Cafe
18358164,Continental
18358164,Mexican
18358164,Italian
18358164,North Indian
18358164,Chinese
18336204,Cafe
18336204,Continental
18336204,Italian
18336204,Chinese
18368002,Cafe
18368002,North Indian
18368002,Continental
18368002,Chinese
18245295,Cafe
18245295,Continental
18245295,Chinese
18245295,North Indian
18245295,Italian
18268693,Street Food
18472609,Fast Food
18472609,Beverages
300183,Italian
300183,Pizza
18216918,Chinese
18216918,Fast Food
306503,Cafe
306503,Fast Food
306503,Italian
18291230,Street Food
18291230,South Indian
18418239,Burger
18418239,Fast Food
18391458,Cafe
18391458,Italian
18391458,Continental
18418358,Cafe
18418358,Italian
18418358,Continental
18418358,Mexican
18433610,Cafe
18433610,Continental
18433610,Italian
18391320,Desserts
18391320,Ice Cream
18222586,Cafe
18222586,North Indian
18222586,Chinese
18222586,Continental
18303832,Cafe
18303832,Continental
18303832,Italian
18303832,Chinese
18303832,North Indian
18349916,Cafe
18349916,Continental
18349916,Italian
18358675,Cafe
18358675,Continental
18358675,North Indian
18358675,Chinese
18358675,Mexican
312142,Hyderabadi
312142,Biryani
312142,North Indian
307571,Cafe
307571,Fast Food
307571,Italian
307571,Chinese
311340,Cafe
311340,Italian
311340,Chinese
311340,Continental
7849,Mithai
7849,Street Food
304950,Bakery
304950,Desserts
304633,Bakery
304633,Desserts
5848,Cafe
18133471,Chinese
18312609,Continental
18312609,Italian
18336481,Mexican
18425760,North Indian
18425760,Continental
18216936,North Indian
18216936,Chinese
18216936,Mughlai
528,Cafe
18349937,Beverages
782,North Indian
312937,Bakery
312937,Desserts
18375411,North Indian
18279458,Bakery
18279458,Mithai
18433987,Bakery
18433987,Fast Food
2228,Turkish
1643,Pizza
2910,Fast Food
7364,Mughlai
18429148,Asian
18429148,Chinese
18429148,Thai
18429148,Japanese
506,Cafe
311103,Korean
311103,Beverages
311103,Desserts
310916,Pizza
310916,Italian
306545,Mediterranean
306545,American
306545,Asian
3921,Chinese
311634,Beverages
8877,Bakery
8877,Desserts
8877,Fast Food
311756,Healthy Food
311756,Salad
311563,South Indian
9984,Cafe
1372,Cafe
9467,Cafe
311440,Lebanese
311440,Arabian
311440,Moroccan
18424903,Italian
18424903,Mexican
18424903,Spanish
18424903,Thai
18424903,Vietnamese
18424903,Indonesian
18424903,American
311749,Desserts
18268720,Cafe
18268720,Continental
18268720,Italian
4271,Desserts
4271,Ice Cream
305833,Desserts
305833,Beverages
307296,Ice Cream
307296,Desserts
2786,North Indian
2786,Mughlai
302422,North Indian
302422,Fast Food
302422,South Indian
302418,North Indian
302418,Mughlai
302416,Mithai
302416,Street Food
18343904,North Indian
302369,North Indian
302425,Street Food
302399,North Indian
302399,Chinese
302399,Fast Food
302396,North Indian
302396,Mughlai
6224,Ice Cream
303906,North Indian
18291454,Fast Food
302433,North Indian
302433,Mughlai
312810,North Indian
312810,Chinese
312810,South Indian
310563,Pizza
310563,Fast Food
6228,Street Food
312671,Ice Cream
312671,Desserts
18332676,North Indian
18146396,Chinese
18146396,North Indian
18126077,North Indian
308906,Mithai
302358,Chinese
302424,North Indian
302359,South Indian
302359,Fast Food
6206,North Indian
311371,Fast Food
311371,Chinese
18128853,North Indian
18128853,Chinese
18128853,Street Food
307976,Chinese
307976,South Indian
6252,North Indian
18128862,Pizza
18128862,Fast Food
307520,Pizza
307520,Fast Food
310689,Pizza
310689,Fast Food
308522,North Indian
308522,Chinese
310807,South Indian
310807,Fast Food
310807,Chinese
302442,Street Food
307986,Mithai
6219,North Indian
312773,Street Food
312773,Fast Food
308513,North Indian
308513,Chinese
18378019,North Indian
18378019,Chinese
18378019,South Indian
18378019,Bakery
6218,North Indian
6218,Chinese
18428201,Bakery
18294229,North Indian
18350567,North Indian
18423878,Mithai
18423878,Fast Food
308908,Bakery
308908,Mithai
302436,Mithai
302436,Street Food
18423867,Mithai
18423867,Fast Food
18423872,Mithai
18435811,Mughlai
18332478,Chinese
18332478,North Indian
18423865,Mithai
18423865,Fast Food
18377919,North Indian
18377919,Chinese
18377919,South Indian
302411,Mithai
302411,Street Food
18423869,Street Food
18128874,Chinese
18128874,Street Food
18224540,North Indian
18224540,Chinese
6230,South Indian
6230,Chinese
18377910,Chinese
18128876,Chinese
18128876,Fast Food
18128876,North Indian
307521,North Indian
307521,Street Food
18284473,North Indian
18481404,South Indian
18481404,Chinese
18435311,North Indian
18291465,Bakery
18291465,Desserts
18423140,Mughlai
18423122,Mithai
18438426,Chinese
18435320,Chinese
305626,Mithai
18423859,Bakery
18423859,Desserts
18423857,Mithai
18423857,Street Food
18423876,South Indian
302427,North Indian
302427,South Indian
18432109,Bakery
18432109,Desserts
18438433,Street Food
18438433,Chinese
18128872,Fast Food
18128872,Pizza
18378042,Pizza
18423863,Mithai
18423863,Street Food
18378026,North Indian
18378022,Bakery
18378022,Fast Food
18288644,Raw Meats
18288644,Fast Food
18288644,North Indian
18423870,Fast Food
18423870,South Indian
18435823,Mughlai
18474418,Chinese
18474418,North Indian
18423861,North Indian
18423861,Chinese
18435803,Pizza
18435803,Burger
18435803,Fast Food
18377912,North Indian
312268,Tea
773,Italian
773,Pizza
773,Bakery
305147,Cafe
18337924,Cafe
18337924,North Indian
18337924,Chinese
18337924,South Indian
18481305,North Indian
18180080,Cafe
18306545,Asian
18306545,North Indian
303723,Cafe
18222560,Hyderabadi
18222560,North Indian
311483,Cafe
311483,Continental
311483,Chinese
311483,Italian
305640,North Indian
305640,Continental
305640,Salad
18282007,North Indian
18282007,Italian
18282007,Continental
301793,Cafe
18350234,Ice Cream
300969,Desserts
300969,Bakery
18161610,Cafe
310502,North Indian
310502,Fast Food
18244555,Asian
18244555,Chinese
18244555,Thai
18244555,Vietnamese
18466435,Biryani
18466435,Mughlai
18163906,Cafe
18163906,Continental
18163906,Italian
18421026,Cafe
18291469,Cafe
18291469,Continental
18291469,Italian
18322609,Cafe
18322609,Continental
18322609,Italian
18322609,Mexican
307391,Bakery
307391,Desserts
18400746,North Indian
18400746,Mughlai
9417,Cafe
9417,Bakery
9417,Italian
18303719,South Indian
18303719,Fast Food
6107,North Indian
313139,North Indian
309044,Chinese
309044,North Indian
18157406,North Indian
18157406,Chinese
311196,Pizza
311196,Fast Food
304965,North Indian
304965,Chinese
18438438,Bakery
18418252,Desserts
18418252,North Indian
18163895,Cafe
18463999,Bakery
18438457,Chinese
18438457,Fast Food
300788,North Indian
300788,Mughlai
300788,Chinese
18438448,Chinese
18438448,Fast Food
18441706,Fast Food
9855,North Indian
18380146,North Indian
18409189,Chinese
18377880,Pizza
18377888,North Indian
18438465,Street Food
18291209,Pizza
18291209,Ice Cream
18441710,South Indian
18419917,North Indian
18419917,Chinese
18418243,North Indian
18441700,North Indian
18441700,Chinese
18441700,Fast Food
311189,North Indian
311189,Fast Food
2055,South Indian
2055,Chinese
2383,Chinese
2383,Fast Food
304092,North Indian
302471,North Indian
6555,Mithai
4716,Ice Cream
311364,North Indian
311364,Chinese
311364,Fast Food
313494,Mithai
8628,Mithai
8628,Street Food
18312595,Cafe
1501,North Indian
1501,Chinese
18383610,Mithai
18383610,Street Food
2053,Chinese
311358,Pizza
311358,Fast Food
301487,Bakery
18288186,Ice Cream
18288186,Desserts
8670,Fast Food
18376510,Beverages
302452,North Indian
2049,South Indian
2049,Chinese
304090,North Indian
6561,North Indian
6561,Street Food
6561,Chinese
6562,Fast Food
6562,North Indian
8672,North Indian
18380175,North Indian
18380175,South Indian
18380175,Chinese
301517,Chinese
301517,Fast Food
312858,North Indian
312858,Mughlai
18222576,Fast Food
18455522,North Indian
18455522,Chinese
311168,North Indian
311168,Chinese
18357957,North Indian
18357957,Chinese
306751,Bakery
306751,Desserts
306751,Chinese
306751,Fast Food
18400759,North Indian
18400759,Chinese
8676,Chinese
18442666,Fast Food
18442666,Beverages
311115,American
311115,Fast Food
311115,Salad
311115,Healthy Food
303128,Fast Food
303128,North Indian
18352278,North Indian
18352278,Chinese
2054,North Indian
2054,Chinese
5271,Bakery
5271,Desserts
9954,Fast Food
9954,Burger
313171,Street Food
313171,North Indian
2047,North Indian
2047,Mughlai
301015,Chinese
301015,Fast Food
300780,Desserts
300780,Ice Cream
18361764,Chinese
18446401,Fast Food
18312578,Cafe
18153555,Mughlai
18153555,Fast Food
18454520,Desserts
18416877,Pizza
18361770,South Indian
18214206,Bakery
18214206,Fast Food
18426782,Chinese
18426782,Fast Food
18352209,North Indian
18352209,Awadhi
18441688,South Indian
18441688,Chinese
18438429,North Indian
18014115,Bakery
18489535,North Indian
18446398,Ice Cream
18446398,Desserts
18445788,Desserts
18445788,Beverages
18361757,Chinese
18273597,North Indian
301519,Street Food
18445764,North Indian
18445764,Chinese
18446388,Fast Food
301507,Bakery
301507,Chinese
301507,Fast Food
18261157,Pizza
18261157,Salad
18261157,Finger Food
18277024,Chinese
18261160,Seafood
18261160,Italian
18219539,Tea
18219539,Cafe
311369,North Indian
311369,Continental
311369,European
311369,Chinese
311369,Thai
308769,Cafe
220,Pizza
220,Fast Food
301675,Afghani
301675,North Indian
301675,Pakistani
301675,Arabian
18144466,Cafe
2739,South Indian
18133508,North Indian
18133508,Continental
18133508,Asian
2741,Chinese
2741,Thai
2741,Japanese
308386,Pizza
308386,Fast Food
3170,North Indian
7760,Fast Food
7760,Burger
18425186,Continental
18425186,North Indian
18425186,Italian
311272,Bakery
311272,Fast Food
310891,American
310891,Fast Food
310891,Salad
310891,Healthy Food
9095,Street Food
9095,Beverages
305763,North Indian
305763,Italian
305763,Fast Food
18175302,Chinese
18175302,North Indian
18337762,Bakery
18312639,Fast Food
18337895,Fast Food
307418,Chinese
307418,Fast Food
307418,North Indian
3686,North Indian
3686,Mithai
18449626,Fast Food
7761,Cafe
9842,Bakery
9842,Fast Food
18254523,Fast Food
312378,Chinese
18358171,Cafe
307474,Pizza
307474,Fast Food
9083,North Indian
9083,Chinese
310705,Chinese
310701,Fast Food
306934,Chinese
305651,North Indian
305651,Chinese
9094,North Indian
9094,Chinese
93,Chinese
93,North Indian
9099,Raw Meats
9099,Fast Food
18312618,Beverages
18146398,Chinese
3298,Chinese
3298,North Indian
305684,Bakery
305684,Desserts
7759,Bakery
7759,Fast Food
302503,Ice Cream
677,Chinese
305826,Cafe
743,Chinese
743,Japanese
18345751,Biryani
18345751,Mughlai
18345751,Bengali
18345751,North Indian
2250,North Indian
18352214,North Indian
18352214,Chinese
18352214,Mughlai
192,Fast Food
192,Burger
483,North Indian
483,Mughlai
483,Chinese
1675,North Indian
1675,Mughlai
18451269,Asian
18451269,Chinese
18451269,Thai
18451269,Malaysian
18451269,Indonesian
18451269,Burmese
18312616,Mithai
18312616,Street Food
7793,Fast Food
18231390,Bakery
18231390,Desserts
18427231,Bakery
18427231,Desserts
18427231,Healthy Food
18427201,North Indian
18427201,Chinese
18427201,Continental
1129,Raw Meats
1129,Fast Food
18424170,Biryani
18424170,Mughlai
18306530,North Indian
18306530,Chinese
18306530,Italian
18332063,Cafe
18332063,Italian
309852,North Indian
309852,Chinese
309852,Finger Food
18245284,Continental
18245284,Italian
18245284,North Indian
310413,Pizza
18261739,North Indian
311068,Desserts
308175,Cafe
18276343,Chinese
4682,North Indian
4682,Mughlai
6191,Cafe
1275,North Indian
1275,Mughlai
1275,Chinese
2934,Chinese
2934,Continental
2934,Thai
308801,North Indian
308801,Chinese
308801,Continental
4854,Italian
4854,Pizza
4854,Fast Food
306178,North Indian
306178,Chinese
306178,Continental
310538,North Indian
310538,Fast Food
305579,Mithai
305579,Chinese
17977785,Chinese
17977785,Fast Food
18037814,South Indian
18472638,Fast Food
18472638,Italian
18168154,North Indian
18168154,Chinese
18424579,North Indian
305552,North Indian
302004,Street Food
302004,Chinese
18386266,Chinese
18386266,North Indian
18272352,North Indian
300560,Bakery
300560,Fast Food
304453,North Indian
304453,Chinese
18025106,North Indian
18025106,Fast Food
301836,North Indian
306012,Beverages
306012,Fast Food
312023,North Indian
312023,Mughlai
18430898,Cafe
305570,Mithai
18447292,Raw Meats
18447292,North Indian
18365986,Chinese
18441532,North Indian
18441532,Chinese
18492045,Chinese
18492045,Fast Food
18352176,North Indian
18451605,Chinese
18451605,South Indian
18455549,North Indian
18455545,Ice Cream
18491264,Cafe
18491264,Fast Food
18491264,Bakery
18455547,North Indian
18291456,Fast Food
18472660,Chinese
18472660,North Indian
310255,Bakery
18366008,Mithai
18462257,Chinese
18312627,Fast Food
18492103,North Indian
18492103,Mughlai
18431145,Street Food
18430909,North Indian
18198821,Street Food
18430905,Street Food
18430907,North Indian
18451597,Raw Meats
18451597,Fast Food
17989089,Fast Food
18492057,Fast Food
17989093,South Indian
18429149,Biryani
18366006,Bakery
18366006,Fast Food
305567,North Indian
18455551,Fast Food
18430902,South Indian
18430902,Street Food
18430902,Mithai
18365385,Chinese
586,North Indian
586,South Indian
586,Chinese
586,Street Food
586,Fast Food
586,Mithai
586,Desserts
3403,Continental
3403,European
2902,North Indian
308628,Bakery
308628,Fast Food
18466399,European
18157416,North Indian
18264963,Continental
18264963,North Indian
18264963,European
18264963,Asian
18384123,Beverages
308595,Fast Food
18251318,Fast Food
18303675,Chinese
18245286,Pizza
18245286,Italian
18414475,North Indian
18414475,Fast Food
308814,Bakery
308996,North Indian
304583,Chinese
304583,Fast Food
308080,North Indian
18372669,Chinese
309305,Fast Food
309305,Bakery
18292457,Fast Food
973,North Indian
18292469,Fast Food
18381626,North Indian
18381626,Continental
18381626,Lebanese
18425157,North Indian
18425157,Chinese
18365991,Biryani
18355146,North Indian
18454473,North Indian
18454473,Chinese
18432240,Pizza
18432240,Fast Food
312027,Fast Food
18430872,Mughlai
18292478,Ice Cream
18429417,Chinese
18429417,Fast Food
18244564,Chinese
18244564,North Indian
304385,Chinese
9517,North Indian
7194,Chinese
18472448,Mughlai
18472599,Mughlai
18472599,North Indian
18429644,North Indian
7180,Bakery
7180,Desserts
309006,South Indian
18292480,Fast Food
7187,South Indian
301998,North Indian
3239,Italian
3239,Continental
3239,Finger Food
301422,Chinese
4404,Continental
4404,North Indian
4404,South Indian
4404,Italian
300008,North Indian
300008,European
18216903,Burger
18216903,Fast Food
1079,Italian
1079,Pizza
1079,Fast Food
4375,Bakery
4375,Desserts
3955,Continental
3955,North Indian
3955,Chinese
4376,Cafe
1898,North Indian
1898,Mughlai
1900,North Indian
306198,Mediterranean
306198,Italian
18312443,Cafe
18312443,American
18312443,Tea
2683,Continental
2682,North Indian
2681,Chinese
2674,European
2674,Continental
2684,Bakery
2684,Desserts
2675,Spanish
2675,Italian
3227,American
3227,Finger Food
4840,North Indian
4840,Continental
4840,Asian
2726,Finger Food
2726,European
301523,European
301523,Continental
2729,Finger Food
2724,North Indian
2724,Chinese
2724,South Indian
2724,Italian
2728,North Indian
2730,Desserts
2730,Bakery
2727,Italian
2731,European
2731,Desserts
2725,Malaysian
2725,Thai
2725,Kerala
2725,Vietnamese
2725,Sri Lankan
18237363,Chinese
18237363,Thai
18237363,Asian
18322518,North Indian
18322518,Mughlai
1023,Bakery
1023,Desserts
1023,Fast Food
18277022,Cafe
18277022,Fast Food
18354650,Chinese
18354650,Cafe
9671,South Indian
9671,North Indian
9671,Chinese
18424209,Fast Food
149,American
149,Fast Food
149,Salad
149,Healthy Food
8842,Bakery
8842,Desserts
8817,Cafe
309110,Continental
301524,Finger Food
3910,Continental
3910,North Indian
3910,Italian
3910,Asian
3027,Mughlai
3027,North Indian
3027,South Indian
4907,Finger Food
104,Chinese
104,Seafood
300688,North Indian
300688,Italian
300697,Finger Food
300696,Thai
300695,North Indian
4917,North Indian
4917,Mughlai
4910,French
4910,Italian
6812,Japanese
6812,Sushi
4911,Italian
4911,Continental
4915,Cafe
4915,Continental
310878,Bakery
310878,Desserts
3283,North Indian
3283,Continental
3283,Italian
2768,Mughlai
2768,Italian
2768,Finger Food
2768,Middle Eastern
2770,Continental
2770,Italian
2770,American
2770,North Indian
2769,Continental
2769,Italian
2769,Mediterranean
3202,Finger Food
4101,Cafe
4101,Bakery
312902,Finger Food
312902,Continental
312902,Italian
312902,Chinese
5325,Thai
5325,Chinese
5325,Japanese
4496,Mediterranean
4496,European
2688,Cafe
2690,North Indian
2690,European
2690,Continental
3948,Malaysian
3948,Thai
2694,Japanese
2694,Sushi
2689,Chinese
2693,Seafood
2693,North Indian
18400770,North Indian
18400770,European
18400770,Asian
18376469,Asian
2701,European
2702,Cafe
9709,Continental
9709,Thai
9709,Chinese
9709,North Indian
312319,North Indian
312319,Asian
312319,Continental
311858,Bakery
131,Chinese
131,Thai
313200,European
313200,American
18282047,Mexican
18459030,Fast Food
302136,Mithai
302136,Street Food
301767,Street Food
301767,Desserts
302103,North Indian
302103,Mughlai
310273,North Indian
308868,North Indian
18372667,Street Food
310728,Fast Food
8564,Chinese
8564,Fast Food
305486,Fast Food
305486,Bakery
18485858,North Indian
18485858,Fast Food
18485858,Afghani
18204802,Fast Food
310254,Raw Meats
310254,North Indian
310254,Fast Food
310272,Raw Meats
310272,North Indian
310272,Fast Food
302089,North Indian
18034071,North Indian
305785,Fast Food
18268710,Burger
18268710,Fast Food
308862,North Indian
308863,Street Food
304319,North Indian
18198440,Beverages
18198440,Ice Cream
304161,Street Food
18037798,South Indian
18037798,Chinese
310279,South Indian
310279,Chinese
5964,North Indian
5964,Mughlai
18241496,Street Food
309695,North Indian
309695,Fast Food
309695,Mughlai
308905,North Indian
18312644,Ice Cream
18312644,Beverages
305238,Mithai
305238,Street Food
301917,Bakery
301917,Mithai
18372314,Pizza
313282,Desserts
313282,Ice Cream
313282,Fast Food
18368025,Fast Food
18089242,Ice Cream
18089242,Desserts
304160,Mithai
304160,Street Food
18037813,North Indian
18487958,Healthy Food
18487958,Juices
18368021,Chinese
313137,South Indian
313137,Fast Food
313137,Chinese
305866,North Indian
18431191,Chinese
18037792,North Indian
18356794,North Indian
18356794,Chinese
312040,Fast Food
18460328,North Indian
18187733,North Indian
18187733,Chinese
18187733,Mughlai
5961,North Indian
18431176,Chinese
18037796,Desserts
18037796,Beverages
312853,Street Food
18469949,Fast Food
18428721,Bakery
18203187,South Indian
308900,Street Food
18430577,North Indian
310286,Fast Food
18246984,North Indian
18246984,Fast Food
312041,North Indian
18429180,North Indian
304730,Street Food
304730,Mithai
5438,North Indian
5438,Mughlai
5438,Chinese
5438,Bakery
3383,Kashmiri
4450,Chinese
4450,Fast Food
4450,North Indian
18254521,Cafe
18352678,Tibetan
18352678,Chinese
18263236,Pizza
18263236,Fast Food
18277230,Mithai
18277230,North Indian
18277230,South Indian
18350231,Beverages
18380171,American
18306543,Fast Food
7297,Mithai
5774,North Indian
312172,North Indian
312172,Chinese
312172,Fast Food
18168165,North Indian
18449824,Burger
18449824,Fast Food
5413,Fast Food
5413,Chinese
18285208,Fast Food
18285208,Chinese
306185,North Indian
312073,Pizza
312073,Fast Food
312054,Fast Food
312054,Chinese
312054,Bakery
301912,Fast Food
18372661,North Indian
18372661,South Indian
18372661,Chinese
18372661,Fast Food
5499,Street Food
5499,Chinese
5499,Mithai
302005,North Indian
302005,Fast Food
306179,Chinese
306179,North Indian
306179,Fast Food
302057,Bakery
302729,North Indian
313067,Bakery
313067,Fast Food
18133491,Bakery
18133491,Street Food
18204464,North Indian
18204464,Chinese
5412,North Indian
18358654,Beverages
18358654,Fast Food
309167,Fast Food
309167,Bakery
301903,Street Food
302757,Street Food
310625,Fast Food
310625,South Indian
310625,Chinese
310625,Mithai
312171,North Indian
9209,North Indian
9209,South Indian
9209,Chinese
9209,Street Food
18291240,North Indian
18291240,Chinese
18291240,South Indian
307946,Ice Cream
307946,Desserts
307946,Fast Food
18203182,Chinese
18203182,South Indian
18203182,North Indian
302047,North Indian
307140,North Indian
307140,Chinese
302835,Street Food
9108,Mithai
9108,Street Food
9108,North Indian
9116,Bakery
9116,Fast Food
18401212,Chinese
18401212,North Indian
18401212,Fast Food
18437128,Desserts
18331594,Pizza
18331594,Fast Food
18381265,Chinese
18381265,Fast Food
18312449,Raw Meats
18312449,Fast Food
18372672,Street Food
18372672,Chinese
18363058,Fast Food
310581,Street Food
301914,North Indian
301914,Mughlai
5470,North Indian
18358206,South Indian
17989106,Chinese
18419501,Fast Food
307950,North Indian
18354634,Fast Food
18354634,Chinese
306180,North Indian
306180,Chinese
301907,Desserts
301907,Street Food
18358165,Mughlai
18358165,North Indian
18372666,Chinese
18499450,North Indian
18499450,Chinese
18500618,North Indian
18500618,Chinese
18014109,North Indian
8257,Cafe
18291214,Fast Food
18291214,Chinese
1547,North Indian
1547,Chinese
1547,Mughlai
18219520,Pizza
18219520,Fast Food
18378036,Lebanese
18311958,Beverages
8979,South Indian
8215,Chinese
2009,Mughlai
2009,North Indian
6042,Desserts
6042,Ice Cream
308816,North Indian
308785,North Indian
308785,Chinese
308785,Fast Food
309769,Fast Food
3779,American
3779,Fast Food
3779,Salad
3779,Healthy Food
6127,North Indian
6127,Mughlai
4982,Mughlai
4982,North Indian
4677,North Indian
4677,Mughlai
8265,Fast Food
8265,Burger
312352,Cafe
18285699,Tibetan
18285699,Chinese
304987,Fast Food
305386,North Indian
305386,Mughlai
474,North Indian
474,Mughlai
252,Italian
252,Pizza
252,Fast Food
5851,Chinese
5851,Seafood
5851,Japanese
404,Chinese
3072,Chinese
234,Fast Food
234,North Indian
234,Desserts
234,Ice Cream
308,South Indian
308,North Indian
311305,Continental
311305,Seafood
311305,North Indian
1509,Bakery
1509,Desserts
1509,Fast Food
18089255,Chinese
18089255,Thai
18089255,Fast Food
18369756,Burger
18369756,American
18369756,Fast Food
18416856,Chinese
18416856,Thai
306554,American
306554,Fast Food
18287390,Continental
18287390,Italian
18287390,North Indian
18287390,Chinese
18287390,Lebanese
1060,Chinese
1060,Italian
1060,North Indian
306859,Chinese
306859,Thai
308621,Mughlai
308621,North Indian
18218321,Mughlai
18337788,Continental
18337788,American
18337788,Italian
2778,Chinese
2778,Seafood
18292485,North Indian
18292485,Mughlai
18292485,Biryani
18423898,Cafe
308246,Cafe
308246,American
308246,Italian
308246,North Indian
308246,Chinese
18289277,Asian
18264997,Cafe
18264997,Bakery
18144479,Chinese
18431179,North Indian
18431179,Mughlai
307032,North Indian
307032,Mughlai
305243,Pizza
305243,Fast Food
9177,South Indian
9177,North Indian
308697,North Indian
308697,Chinese
308697,South Indian
308697,Mithai
3507,American
3507,Fast Food
3507,Salad
3507,Healthy Food
18350121,Biryani
18350121,Hyderabadi
311345,North Indian
311345,Mughlai
311345,Biryani
1492,American
1492,Fast Food
310169,North Indian
310169,Mughlai
312535,Bakery
312535,Desserts
312535,Fast Food
535,Cafe
304281,Mithai
304281,Street Food
7392,Bakery
7392,Desserts
7392,Fast Food
2122,Chinese
302438,North Indian
302438,South Indian
302438,Mughlai
309789,Bakery
313412,Japanese
313412,Chinese
313412,Asian
313412,Malaysian
313412,Thai
313412,Vietnamese
7360,Raw Meats
7360,North Indian
7360,Fast Food
4317,Chinese
18458099,Fast Food
18458099,North Indian
2124,North Indian
2124,Mughlai
2204,Bakery
2204,Fast Food
305403,Bakery
305403,Desserts
775,Italian
775,Pizza
775,Bakery
18247024,North Indian
18247024,Chinese
303244,Fast Food
303244,North Indian
300262,Fast Food
18458332,Chinese
18458332,Fast Food
7391,Cafe
18198434,Bakery
18198434,Desserts
18371408,Pizza
18371408,Fast Food
308007,Finger Food
308007,Continental
308007,Italian
18227685,North Indian
18227685,South Indian
18394443,Bakery
18394443,Fast Food
18312585,Cafe
18358669,North Indian
18279461,Ice Cream
18279461,Desserts
18463329,Bakery
18277185,Mughlai
18358667,North Indian
18358667,Street Food
18415363,Bakery
18440933,Bakery
18440933,Desserts
18397698,Chinese
18397698,Mughlai
18397698,North Indian
18492083,Bakery
18492083,Fast Food
18289247,Cafe
18289247,European
8530,Street Food
8530,Bakery
8501,Mithai
8501,Street Food
8520,South Indian
8520,Chinese
311184,North Indian
311184,Chinese
18217007,North Indian
18342098,North Indian
18342098,Mughlai
18342098,Chinese
311231,Pizza
311231,Fast Food
310876,Chinese
310876,Fast Food
18265408,Ice Cream
18265408,Desserts
312517,Beverages
312517,Fast Food
312783,North Indian
312783,Mughlai
307920,North Indian
307920,Chinese
311253,North Indian
307290,Raw Meats
307290,Fast Food
8532,Mithai
18323036,Bakery
18325165,Fast Food
18325165,Chinese
311248,North Indian
18424207,Mithai
18424207,Street Food
18420697,Desserts
18424648,Mithai
18424648,Street Food
18376497,North Indian
18376497,South Indian
18376497,Chinese
18377898,North Indian
18423889,North Indian
18424638,North Indian
18424661,North Indian
18375390,North Indian
18377902,Chinese
18430246,Bakery
18425318,Bakery
18336496,Fast Food
18429388,North Indian
18429388,Street Food
18499026,Bakery
18424202,North Indian
18434964,Biryani
18377909,Chinese
18377909,Fast Food
18390095,Street Food
18423894,Street Food
18414502,Hyderabadi
18414502,Biryani
18419424,North Indian
18419424,Mughlai
18377900,Mughlai
18424582,Raw Meats
18424654,Mithai
18424654,Fast Food
18424650,North Indian
18423118,North Indian
18251459,Bakery
18424208,Biryani
18424208,North Indian
18424656,North Indian
18375387,Pizza
18424200,Biryani
18377895,North Indian
18377895,Chinese
300961,Chinese
300961,North Indian
300961,South Indian
18424640,North Indian
18424584,South Indian
18424188,Biryani
18372694,Street Food
18371398,North Indian
18371398,South Indian
18409206,Fast Food
18409206,North Indian
18429386,Fast Food
18429386,Street Food
18396190,Chinese
18396190,North Indian
18424192,Biryani
18424192,North Indian
18499493,Chinese
18499493,North Indian
18322647,Cafe
18322647,North Indian
18322647,Chinese
6654,Chinese
300941,North Indian
18263693,Chinese
18245248,Italian
305275,North Indian
305275,Chinese
18337490,Fast Food
312364,South Indian
312364,Chinese
312422,North Indian
18359295,North Indian
18359295,Chinese
307369,North Indian
307369,Chinese
307369,Fast Food
308811,Continental
308811,Chinese
308811,Italian
308811,Cafe
18273624,Continental
18273624,Mexican
18175303,Burger
18175303,Fast Food
310532,Cafe
310532,Mexican
310532,Italian
310532,North Indian
310532,Chinese
312420,Fast Food
308155,North Indian
308155,Chinese
308155,Continental
308155,Italian
308155,Mexican
308155,Lebanese
305856,American
305856,Italian
305856,Cafe
308950,North Indian
17977767,Cafe
17977767,Continental
17977767,Italian
18359288,Mithai
18359288,Fast Food
1199,Chinese
1199,Thai
1199,Tibetan
1199,Japanese
312365,Street Food
17989097,Cafe
17989097,North Indian
17989097,Continental
17989097,Chinese
18233584,Cafe
18233584,Italian
18233584,Continental
18233584,Mexican
18233584,Mediterranean
18241524,North Indian
18241524,Continental
18241524,Italian
18241524,Chinese
301700,Cafe
301700,Italian
301700,Fast Food
303849,Bakery
303849,Desserts
303849,Fast Food
18258484,North Indian
18258484,Continental
18258484,Chinese
18258484,Italian
18157386,Fast Food
18455949,Fast Food
18455949,Bakery
18337907,North Indian
18337907,Mughlai
18441677,Chinese
18441677,South Indian
18355037,North Indian
18355037,Mughlai
18124369,Desserts
18124369,Fast Food
18221405,Burger
18221405,Fast Food
302166,North Indian
8696,Cafe
6925,Cafe
300459,Bakery
2403,North Indian
2403,Chinese
8695,Mughlai
311396,Fast Food
18333392,Bakery
18287378,Chinese
18287378,North Indian
307195,Chinese
307195,Fast Food
300440,Fast Food
300440,Bakery
4793,North Indian
18478982,Pizza
18322639,Chinese
18322639,Biryani
18322639,North Indian
18285737,Street Food
18204810,Mithai
18204810,Street Food
301380,Chinese
18277000,North Indian
18277000,Mughlai
300461,Chinese
3654,Fast Food
3654,Chinese
18264996,Bakery
18264996,Fast Food
18264996,Pizza
301377,South Indian
301377,Fast Food
8680,North Indian
18246995,North Indian
4785,South Indian
4785,Fast Food
2402,Chinese
2402,North Indian
300406,Mughlai
311390,Pizza
311390,Fast Food
4164,Bakery
4164,Fast Food
18365391,North Indian
8508,Raw Meats
8508,Fast Food
1305,Chinese
1305,North Indian
18245289,South Indian
18057797,Raw Meats
18057797,Fast Food
300472,North Indian
300472,Mughlai
18247014,North Indian
18247014,South Indian
4790,Chinese
8707,Mithai
302183,Desserts
4792,South Indian
4792,Chinese
2362,South Indian
4338,North Indian
4338,Chinese
309198,American
309198,Fast Food
309198,Salad
309198,Healthy Food
300457,Bakery
312201,North Indian
312201,Chinese
3657,Chinese
310640,North Indian
310640,Mughlai
310640,Chinese
309323,North Indian
309323,Chinese
311333,Fast Food
311333,North Indian
5925,Street Food
312448,Ice Cream
311600,North Indian
311600,Fast Food
18365871,Cafe
18466393,Chinese
18466393,Fast Food
18258762,Bakery
18258762,Fast Food
18489507,North Indian
3665,Chinese
3665,North Indian
309473,Chinese
8502,Mithai
18303857,Bakery
18303857,Desserts
18303857,Fast Food
18303857,Pizza
18303857,Burger
18303857,Finger Food
6264,North Indian
6264,Chinese
18419896,Healthy Food
18291215,Fast Food
18264964,Chinese
18264964,North Indian
18420420,Chinese
18420420,Fast Food
310604,Cafe
310604,North Indian
310604,Continental
18225627,Bakery
18225627,Fast Food
6251,Bakery
6251,Fast Food
6253,Chinese
6253,Fast Food
18249080,Bakery
18364535,South Indian
18364535,North Indian
18128871,North Indian
18128871,Chinese
18124355,Cafe
18124355,Italian
304598,Chinese
304598,North Indian
18380891,Chinese
18380891,North Indian
18458629,North Indian
18458629,Chinese
6240,North Indian
6240,Chinese
18420428,Fast Food
18418262,Mithai
18418262,Bakery
18418276,North Indian
18418276,Chinese
18418276,Mughlai
18421469,Mithai
18421467,Chinese
18446390,Fast Food
18421471,Bakery
18377897,Desserts
18419871,Bakery
18420424,South Indian
18377901,North Indian
18377901,South Indian
18291232,Bakery
18291232,Desserts
18445361,North Indian
1613,Chinese
1613,Fast Food
1613,North Indian
1613,South Indian
1613,Street Food
1613,Mithai
18216911,North Indian
18216911,Chinese
18216911,Bakery
310440,North Indian
310440,Chinese
4740,North Indian
2044,Street Food
2044,North Indian
2044,South Indian
2044,Mithai
306064,North Indian
306064,Street Food
306064,Mithai
6553,Mithai
6553,Street Food
6553,North Indian
18363089,Ice Cream
18294257,Chinese
349,Fast Food
3455,American
3455,Fast Food
3455,Salad
3455,Healthy Food
1115,Chinese
1115,Seafood
1115,Japanese
311506,American
311506,Fast Food
3974,North Indian
18163893,Fast Food
313093,Chinese
313093,Fast Food
18384135,Beverages
18337772,Street Food
18337772,North Indian
18316173,American
18316173,Fast Food
18316173,Salad
18316173,Healthy Food
18336491,Chinese
18306524,Biryani
18306524,Hyderabadi
18390311,Chinese
18446491,North Indian
18446491,South Indian
18446491,Fast Food
18446491,Street Food
18446491,Chinese
18446491,Beverages
18446491,Desserts
18446491,Mithai
18334400,Fast Food
18474934,Tea
18474934,Fast Food
18416747,Ice Cream
18416747,Beverages
18416747,Fast Food
18415376,Healthy Food
18415376,Beverages
18446483,Mughlai
18446483,North Indian
18409199,Mughlai
18409199,North Indian
18446485,Italian
18446485,Pizza
18446485,Fast Food
18439530,Bakery
18439530,Italian
18439530,Chinese
18439530,Mexican
18279456,North Indian
18279456,Continental
304475,Fast Food
311971,Chinese
1918,Mithai
1918,Street Food
3467,Raw Meats
3467,North Indian
3467,Fast Food
18265698,Chinese
7457,Chinese
18175274,Chinese
3469,North Indian
3469,Mughlai
2605,Mughlai
2605,Chinese
2605,North Indian
4640,Fast Food
928,North Indian
928,Mughlai
312756,Asian
309505,North Indian
9890,Mithai
9890,Street Food
954,South Indian
954,North Indian
954,Chinese
18357525,Fast Food
18265700,Mughlai
18252382,Fast Food
18478967,North Indian
18478967,South Indian
18478967,Mithai
18311920,Raw Meats
18455876,Bakery
18455876,Desserts
18478987,North Indian
18479000,South Indian
18478997,Street Food
18478997,Fast Food
18492061,Bakery
18349925,Chinese
18492065,Biryani
310480,Fast Food
18144471,Pizza
18144471,Fast Food
18466972,Bakery
18466972,Desserts
18429376,Mughlai
18354968,Fast Food
18354968,Beverages
18441542,Mughlai
18441542,North Indian
18445274,Lebanese
18445274,North Indian
18445274,Fast Food
18168147,Chinese
18429375,Mughlai
310479,North Indian
18212160,Awadhi
310063,Cafe
310063,Chinese
312214,Cafe
309641,North Indian
309641,Chinese
306688,Cafe
18440427,North Indian
18440427,Continental
18440427,Italian
312573,North Indian
312573,Chinese
312573,Fast Food
312573,Street Food
7983,Bakery
302541,North Indian
302541,Chinese
7992,South Indian
3695,Asian
3695,Continental
3695,Italian
3695,North Indian
4473,North Indian
4473,South Indian
4473,Chinese
4473,Street Food
4473,Fast Food
4473,Mithai
4473,Desserts
3250,Italian
3250,Lebanese
3250,North Indian
718,American
718,Tex-Mex
718,Italian
718,Mexican
718,North Indian
18272361,North Indian
18272361,Mughlai
18372695,North Indian
18372695,European
18372695,Asian
18372695,Mediterranean
18265411,Tibetan
18265411,Chinese
18303706,Desserts
18268698,Bakery
18268698,Desserts
18264244,Cafe
18277171,Chinese
18277171,Thai
18277171,Sushi
18265419,Burger
18265419,American
18265419,Fast Food
18233616,Cafe
18233616,Tea
18366022,Chinese
18366022,Thai
18366022,Asian
18366022,Japanese
18366022,Korean
18366022,Seafood
18273551,Cafe
18272346,Burger
18272346,Desserts
18272346,Fast Food
18268925,Pizza
18268925,Fast Food
18272379,Beverages
18272355,North Indian
18272355,Continental
18272355,Mughlai
18272355,Asian
18268722,Italian
18268722,Pizza
18268722,Fast Food
18273556,Italian
18273556,Pizza
18272367,Fast Food
18258775,Mexican
18258775,Fast Food
18449092,Ice Cream
18449092,Desserts
18461590,Bakery
18461590,Desserts
18254530,Burger
18254530,Fast Food
18336212,Lebanese
18336212,Mediterranean
18336212,Middle Eastern
18336212,Arabian
18268727,Continental
18268727,American
18268727,Cafe
18268712,Mexican
18268712,American
18268712,Italian
18272353,North Indian
18272353,Mughlai
18261140,Asian
18261140,Thai
18261140,Chinese
18272357,Ice Cream
18272357,Desserts
18303688,North Indian
18303688,Thai
18303688,Continental
18268716,Parsi
18268716,Iranian
18264533,Asian
18264533,Chinese
18264533,Japanese
2799,North Indian
2799,Mughlai
2655,Chinese
301392,Cafe
302727,North Indian
302727,Chinese
302727,Mughlai
311698,Raw Meats
311698,North Indian
311698,Fast Food
307297,North Indian
307297,Chinese
3154,North Indian
3154,Mughlai
3154,Chinese
18357543,North Indian
3155,North Indian
3155,Chinese
3155,Thai
18424581,Chinese
18424581,Thai
18424581,Fast Food
18421057,Mediterranean
18421057,Italian
18421057,Continental
18421057,Spanish
18421057,North Indian
18233620,Cafe
18233620,Tea
300605,Burger
300605,Desserts
300605,Fast Food
18279442,North Indian
18279442,Italian
18279442,Chinese
18279455,Continental
18279455,American
18279455,Italian
18279455,Mediterranean
18424873,Ice Cream
18381672,Cafe
18382336,Ice Cream
18382336,Beverages
18382336,Fast Food
18424874,Burger
18424874,Desserts
18424874,Fast Food
18424872,Beverages
18424880,American
18424880,Fast Food
18424880,Burger
18381675,Italian
18381675,Pizza
18381675,Fast Food
18419893,North Indian
18419893,Mughlai
18289074,Cafe
18291236,North Indian
311614,Japanese
311614,Sushi
18429395,North Indian
18429395,Chinese
3735,Chinese
3735,North Indian
9731,North Indian
302132,Cafe
18258162,North Indian
302144,North Indian
302144,Chinese
4471,Raw Meats
4471,North Indian
4471,Fast Food
18253392,Fast Food
310790,Cafe
310790,North Indian
310790,Italian
310790,Chinese
8152,Fast Food
313035,North Indian
313035,Mughlai
301509,North Indian
301509,Mughlai
312275,Bakery
312275,Fast Food
312275,Desserts
302127,North Indian
302127,Chinese
18322604,Fast Food
18433889,Thai
18433889,Chinese
18232121,North Indian
18232121,Chinese
307628,North Indian
307628,Chinese
307628,Thai
18281980,North Indian
18281980,Mughlai
18281980,Chinese
8151,North Indian
8151,Mughlai
302139,Pizza
302139,Fast Food
18377927,Fast Food
18377927,North Indian
18377927,Chinese
313120,Fast Food
18361734,Ice Cream
304338,Mithai
304338,Street Food
18440390,North Indian
18440390,Chinese
18383456,Ice Cream
18383456,Desserts
18427237,Fast Food
18382359,North Indian
18382359,Mughlai
18445740,Bakery
18331809,Cafe
18377925,North Indian
18377925,Chinese
312287,North Indian
18441766,Fast Food
18281977,North Indian
18281977,Chinese
18336259,Ice Cream
18441537,Beverages
18441537,Fast Food
18128857,North Indian
18128857,Chinese
18279435,North Indian
18279435,Chinese
18281983,North Indian
301402,North Indian
301402,Chinese
301402,Continental
301461,North Indian
301461,Chinese
301461,Continental
301461,Mughlai
301468,Continental
2342,Chinese
2342,Mughlai
2342,North Indian
309088,North Indian
309088,Mughlai
309088,Biryani
18334423,North Indian
18334423,Chinese
439,North Indian
439,Mughlai
439,Chinese
18431970,Biryani
18431970,North Indian
307718,Chinese
307718,Fast Food
5685,Mughlai
5685,North Indian
5685,Chinese
312243,Chinese
18428614,Lucknowi
18424869,North Indian
18424869,Chinese
18424869,Thai
307232,Street Food
300907,Chinese
300907,Asian
300907,Thai
18382371,Cafe
8422,Bakery
8344,Finger Food
8441,Cafe
8351,North Indian
4505,Continental
4505,North Indian
18317498,Finger Food
18371434,Burger
18371434,Fast Food
18425747,Continental
18425747,Mexican
18425747,Mediterranean
18371402,Desserts
18371402,Beverages
18383509,Desserts
18446433,Chinese
18446433,Thai
18349905,North Indian
18349905,Mughlai
18352249,American
18352249,Fast Food
18352249,Burger
18383479,Desserts
18383470,Chinese
18383460,Italian
18383460,Pizza
18383460,Fast Food
18440424,American
18440424,Fast Food
18440424,Salad
18440424,Healthy Food
18383477,Tea
18383477,Fast Food
18383466,South Indian
18396179,Biryani
18396179,Hyderabadi
18466951,North Indian
18466951,Continental
18466951,Chinese
18466951,Italian
18466951,Thai
18466951,Mughlai
18337905,Beverages
18361221,Healthy Food
18361221,Salad
18383484,Ice Cream
18440164,Beverages
18440164,Fast Food
18382377,Tea
18382377,Fast Food
18383444,Cafe
18416753,Ice Cream
18416753,Beverages
18416753,Fast Food
18441551,Beverages
18383481,Juices
18383481,Fast Food
18440406,Desserts
18440406,Ice Cream
18381647,Ice Cream
18381647,Desserts
18440416,Fast Food
18371430,Fast Food
18383490,Pizza
18273632,Fast Food
18382345,Ice Cream
18382345,Desserts
18382347,Fast Food
3226,Continental
3226,North Indian
3226,Mexican
4627,North Indian
4627,Chinese
312278,Bakery
18364351,North Indian
18364351,Chinese
18373737,North Indian
18373737,Chinese
18373737,Continental
18124366,Chinese
18124366,North Indian
18254400,Chinese
18254400,South Indian
18254400,Fast Food
309545,Fast Food
310067,Fast Food
18430587,North Indian
18430587,Continental
18430587,Chinese
6033,Bakery
6036,Continental
1669,Continental
1669,Chinese
1669,North Indian
3924,Mediterranean
3924,Continental
3924,North Indian
3924,Italian
18383511,Fast Food
18383511,Street Food
18245267,North Indian
18245267,Chinese
18245267,Continental
304496,North Indian
308670,North Indian
18462632,North Indian
18462632,Mughlai
18462632,Chinese
18322648,Bakery
18356045,North Indian
18126101,North Indian
18273622,Juices
18273622,Healthy Food
5742,North Indian
5742,Chinese
5742,Mughlai
311186,North Indian
311186,Chinese
2331,South Indian
2331,North Indian
2331,Chinese
2329,North Indian
2329,Mughlai
2329,Chinese
18382363,Cafe
18382363,North Indian
18382363,Italian
18456760,North Indian
18456760,Bengali
18435292,Chinese
18435286,Fast Food
18435286,North Indian
18243997,Cafe
18243997,Italian
18243997,Chinese
18268352,North Indian
18268352,Mughlai
18268352,Chinese
18463699,Chinese
18463699,Thai
18376508,North Indian
18376508,Mughlai
18146402,North Indian
18146402,Mughlai
18146402,Chinese
18216904,North Indian
18216904,Chinese
5634,Chinese
4541,Chinese
8226,Mithai
8226,Street Food
18254527,Raw Meats
18254527,Fast Food
18254527,North Indian
18409725,North Indian
18409725,Mughlai
18409725,Hyderabadi
310208,North Indian
8228,Mithai
8228,Street Food
8236,Biryani
8236,North Indian
8236,Fast Food
18415343,Biryani
18415343,North Indian
18415343,Mughlai
18133476,North Indian
18381224,North Indian
18381224,Mughlai
18440751,Cafe
18440751,Bakery
306560,North Indian
306560,Chinese
18371428,North Indian
18371428,Mughlai
18371428,Chinese
18372251,Mughlai
18372251,Continental
18372251,Chinese
312369,Biryani
312369,Mughlai
307014,North Indian
307014,Chinese
307014,Continental
18332064,Fast Food
18216939,Chinese
18216939,Thai
18378014,North Indian
18157400,North Indian
18157400,Mughlai
18057810,North Indian
18252385,North Indian
18252385,Mughlai
18421504,Fast Food
18421504,North Indian
18310503,Italian
18310503,Pizza
18424173,Mughlai
18233621,Cafe
18233621,Continental
18233621,Fast Food
18233621,Italian
18432230,North Indian
18432230,Mughlai
18432230,Chinese
18409212,North Indian
18409212,Mughlai
18409212,Chinese
18409212,Fast Food
18219528,Chinese
18380150,North Indian
18380150,Chinese
18380150,Mughlai
18355013,Chinese
18348609,Fast Food
18424175,Mithai
18424175,Street Food
313415,Bakery
313415,Fast Food
313415,Desserts
18460286,North Indian
18460286,South Indian
18460286,Italian
18460286,Chinese
310762,Bakery
18208893,North Indian
18208893,Chinese
18478981,Fast Food
18410832,North Indian
18303715,Chinese
18303715,Fast Food
4480,Pizza
4480,Fast Food
3764,North Indian
3764,Mughlai
3764,Chinese
304636,Italian
304636,Pizza
307340,American
307340,Fast Food
307340,Salad
307340,Healthy Food
8237,Bakery
8237,Desserts
8237,Fast Food
18268724,North Indian
18268724,Chinese
312463,North Indian
309318,Bakery
302518,Fast Food
8072,North Indian
5755,North Indian
18486840,Fast Food
8074,North Indian
8074,Chinese
8074,Mughlai
8074,Fast Food
307888,North Indian
307888,Chinese
834,Chinese
834,Thai
18382337,Ice Cream
18433542,North Indian
18433542,Mughlai
18382335,North Indian
18382335,Chinese
18264985,North Indian
18264985,Chinese
18264985,Mughlai
18265692,Biryani
304937,Mithai
304937,Street Food
18489849,Mithai
18489849,Street Food
18485826,North Indian
18485826,South Indian
18489806,North Indian
18489806,Chinese
18381674,North Indian
18381674,Mughlai
18441772,North Indian
18390891,Fast Food
8061,Mithai
8061,Street Food
308623,Cafe
308623,Italian
308623,Continental
308623,Chinese
311013,Mexican
311013,Italian
311013,Fast Food
18368015,Beverages
18273942,Continental
18273942,Mexican
18273942,American
18273942,Fast Food
18273942,Italian
18273942,Chinese
18034079,Cafe
18440413,Chinese
18440413,Fast Food
18427230,Bakery
18427230,Fast Food
18427230,Chinese
18440415,North Indian
18440415,Fast Food
18446387,Biryani
18446387,Mughlai
18340903,South Indian
18340903,North Indian
18340903,Street Food
18275760,North Indian
18275760,Mughlai
18275760,Fast Food
18357548,North Indian
18357548,Chinese
18381249,North Indian
18381249,Mughlai
18307266,North Indian
18307266,Chinese
18112492,Pizza
18112492,Fast Food
18445768,North Indian
18445768,Chinese
18393840,North Indian
18393840,Mughlai
18276998,North Indian
300988,Fast Food
18292443,North Indian
18292443,Fast Food
18204456,American
18204456,Fast Food
18204456,Salad
18204456,Healthy Food
18138418,Bakery
18138418,Desserts
18441561,Bakery
18441561,Fast Food
18245275,North Indian
18245275,Mughlai
18245275,Chinese
18469933,North Indian
18358190,Cafe
18441663,Cafe
18489823,Cafe
18489823,Bakery
18489823,Fast Food
18489827,North Indian
18489827,Italian
18489827,Continental
18371413,Bakery
18441563,Chinese
18358662,Cafe
18277008,North Indian
18399250,North Indian
18399250,Chinese
18449300,Bakery
18454471,Mithai
18454471,North Indian
18454471,Street Food
18273973,Chinese
18375406,Cafe
18375406,Fast Food
18384109,Beverages
18441569,Beverages
18254543,South Indian
18393815,Pizza
18393815,Fast Food
18458636,North Indian
18458636,Chinese
18481281,American
18481281,Fast Food
18481281,Salad
18481281,Healthy Food
18474432,North Indian
18441559,North Indian
18441665,Fast Food
18441665,Beverages
18466397,North Indian
18466397,Chinese
18441557,North Indian
18441557,Chinese
18441671,Fast Food
18441671,Beverages
18416310,Continental
18416310,Chinese
18416310,North Indian
18416310,Indian
18372688,Continental
18372688,Fast Food
18372688,Italian
18146472,Bakery
3145,North Indian
3145,Chinese
312175,North Indian
312175,South Indian
3143,North Indian
4518,North Indian
304510,North Indian
310875,South Indian
310875,North Indian
310875,Chinese
309317,Bakery
311085,Bakery
300914,Bakery
300914,Desserts
8115,North Indian
8115,Mughlai
8115,Chinese
8115,Fast Food
18455665,North Indian
18455665,Fast Food
18146390,Fast Food
18435298,Healthy Food
18435298,Juices
301415,North Indian
301415,Chinese
301415,Thai
301415,Continental
18407293,Bakery
18432201,Pizza
304493,North Indian
18438456,Chinese
18367439,Fast Food
18367439,Beverages
18466616,North Indian
18466616,Chinese
18382368,Mughlai
18382368,North Indian
18465093,Bakery
18345109,Bakery
18432027,North Indian
18258742,North Indian
18254314,Fast Food
18258756,Mughlai
18382366,North Indian
18382366,Mughlai
4882,Cafe
309535,North Indian
309535,Chinese
309535,South Indian
18415359,North Indian
18415359,Chinese
308451,American
308451,Fast Food
308451,Salad
308451,Healthy Food
18156287,North Indian
399,Fast Food
399,Burger
18161600,Cafe
18249084,Burger
18249084,Desserts
18249084,Fast Food
18432020,Chinese
18432013,Chinese
303371,North Indian
303371,Chinese
303371,Mediterranean
302558,South Indian
302558,Chinese
302558,Street Food
302558,Mithai
1698,North Indian
1698,Chinese
9252,Italian
9252,North Indian
9252,Chinese
1323,Bakery
1323,Desserts
1323,Fast Food
1735,North Indian
1735,Mughlai
5677,Fast Food
300953,North Indian
4721,American
4721,Italian
18261722,Chinese
18261722,North Indian
18261722,Mughlai
18261722,Continental
18346730,Mithai
18346730,North Indian
18346730,South Indian
18346730,Street Food
18346730,Chinese
461,Mughlai
461,North Indian
937,American
937,Fast Food
937,Burger
307720,North Indian
307720,Street Food
591,North Indian
591,South Indian
591,Chinese
591,Street Food
591,Fast Food
591,Mithai
591,Desserts
18371433,North Indian
18371433,Mughlai
18287364,North Indian
18287364,Chinese
18287364,Continental
7913,North Indian
7913,Fast Food
18180086,North Indian
18180086,Chinese
18180086,Continental
5678,North Indian
5678,Chinese
427,South Indian
427,North Indian
427,Chinese
18292482,Pizza
18292482,Italian
18446481,North Indian
18446481,Chinese
18446481,Mughlai
310694,North Indian
310694,Mughlai
310694,Chinese
18252573,North Indian
18252573,Mughlai
303269,Fast Food
303269,North Indian
5854,North Indian
5854,Chinese
18349895,North Indian
18349895,Mughlai
18349895,Chinese
4160,Italian
4160,Continental
4160,North Indian
4160,Chinese
301514,Finger Food
301514,North Indian
301514,Chinese
310417,Bakery
310417,Desserts
310417,Fast Food
1701,North Indian
1701,Continental
1701,Thai
1701,Chinese
18208904,Bakery
18208904,Beverages
18208904,Fast Food
3306,Chinese
3306,Seafood
3306,Asian
301005,North Indian
301005,Fast Food
301005,Chinese
307566,North Indian
307566,South Indian
307566,Fast Food
307566,Street Food
307566,Chinese
307566,Beverages
307566,Desserts
307566,Mithai
18216913,Biryani
18216913,North Indian
18216913,Hyderabadi
310399,American
310399,Italian
310399,Chinese
310399,North Indian
310399,Cafe
594,Cafe
3796,Biryani
3796,North Indian
3796,Mughlai
490,North Indian
490,Mughlai
18336495,North Indian
18336495,Mughlai
18228862,North Indian
18228862,Fast Food
384,Pizza
384,Fast Food
7945,Bakery
2985,North Indian
2985,Chinese
2985,Mughlai
18228855,Healthy Food
18289257,Continental
18289257,Mexican
18289257,Fast Food
18289257,Chinese
18380141,Pizza
18380141,North Indian
18272377,Street Food
18272377,Continental
18272377,South Indian
18272377,North Indian
18272377,Chinese
18473005,Fast Food
18473005,Beverages
300180,Continental
300180,American
300180,North Indian
300180,Chinese
7784,Chinese
396,Fast Food
18014141,North Indian
18014141,Fast Food
18014141,Chinese
18014141,Biryani
18014141,Mughlai
1702,Mughlai
1702,North Indian
18198836,Cafe
18198836,Italian
18198836,Continental
18198836,Desserts
309111,Cafe
309098,Bakery
309098,Desserts
309098,Fast Food
166,North Indian
166,Mughlai
18434638,Fast Food
18434638,Chinese
18434638,North Indian
1070,American
1070,Fast Food
1070,Salad
1070,Healthy Food
450,North Indian
450,Chinese
450,South Indian
450,Seafood
450,Chettinad
18175334,North Indian
18175334,Asian
18175334,Continental
4248,North Indian
4248,Mughlai
18237334,North Indian
300952,North Indian
300952,Mughlai
300952,Italian
300952,Chinese
311649,North Indian
311649,Mughlai
2336,Bakery
2336,Fast Food
18273566,Fast Food
311338,North Indian
311338,Mughlai
311338,Chinese
311338,Fast Food
310609,North Indian
307555,Fast Food
307555,Beverages
4717,Chinese
4717,North Indian
7956,Desserts
304612,Fast Food
304691,Chinese
309519,Fast Food
18450369,North Indian
18409730,North Indian
18409730,Chinese
18409730,South Indian
18427226,North Indian
18427226,Chinese
387,Fast Food
387,North Indian
387,Chinese
387,Desserts
387,Ice Cream
301420,North Indian
301420,Chinese
301420,South Indian
18383442,North Indian
18383442,Chinese
18424675,Bakery
18424675,Desserts
18425782,Chinese
18425782,Thai
18457257,South Indian
18382382,Fast Food
18441711,North Indian
308770,North Indian
308770,Chinese
18472688,South Indian
18156065,North Indian
308951,Fast Food
308951,Chinese
308563,North Indian
308563,Chinese
18409182,Fast Food
8065,North Indian
18216929,North Indian
18216929,Chinese
18216929,South Indian
18224208,North Indian
18224208,Chinese
18441760,Mughlai
18441760,Biryani
18492041,North Indian
18393406,North Indian
18381676,North Indian
18381676,Chinese
18430895,North Indian
18433898,North Indian
5239,Bakery
18312466,North Indian
18312466,Chinese
18312466,Mughlai
8022,North Indian
8022,Chinese
8017,Raw Meats
8017,Fast Food
18020006,Mithai
18252394,Chinese
311375,Bakery
311375,Desserts
18463959,North Indian
18463959,South Indian
18463959,Chinese
18345461,North Indian
18345461,Fast Food
311688,North Indian
311688,Chinese
311688,Mughlai
18265723,Chinese
7986,Chinese
7986,Fast Food
18244520,Pizza
18244520,Fast Food
5760,North Indian
18265705,Street Food
5761,North Indian
18255160,Fast Food
18265709,Fast Food
18265709,Beverages
18236270,North Indian
18236270,Fast Food
18236270,Chinese
5757,North Indian
312237,Bakery
5700,North Indian
302575,Street Food
302575,Beverages
18463961,North Indian
18463961,Chinese
18336506,Ice Cream
18336506,Beverages
5744,Chinese
5744,South Indian
5744,North Indian
18408051,Italian
18408051,Chinese
18377587,North Indian
18377587,South Indian
307719,North Indian
7982,Desserts
311419,Bakery
18383448,North Indian
18432192,North Indian
395,Italian
395,Pizza
395,Fast Food
307724,North Indian
1460,North Indian
1460,Mughlai
7991,Fast Food
7979,Mithai
18323760,North Indian
18323760,Mughlai
307491,Street Food
2334,Raw Meats
2334,North Indian
2334,Fast Food
3153,Chinese
18361198,North Indian
18361198,Mughlai
309215,Bakery
309215,Desserts
18219552,Biryani
18478962,North Indian
18472682,North Indian
18472682,Mughlai
18396192,Bakery
18138415,North Indian
18138415,Chinese
18138415,Fast Food
18429379,North Indian
3443,North Indian
3443,Chinese
18466412,North Indian
18466412,South Indian
18466412,Chinese
18180048,North Indian
18180048,Chinese
302535,Cafe
302535,Continental
302535,Fast Food
302535,Italian
18311928,Cafe
18311928,Healthy Food
18311928,Continental
18311928,Italian
18311928,Asian
18446503,North Indian
18157374,North Indian
309059,Chinese
18291234,Chinese
18458315,North Indian
18458315,Chinese
18457856,Chinese
18457856,North Indian
18457856,South Indian
18323684,North Indian
18323684,Chinese
18244230,Ice Cream
18204467,North Indian
18204467,South Indian
18306542,Street Food
18337925,Fast Food
18433854,American
313151,Bakery
313151,Desserts
9735,North Indian
9735,Mughlai
9735,Chinese
18440192,Fast Food
18440192,Beverages
302501,North Indian
302501,Mughlai
302501,Chinese
303025,North Indian
303025,Mughlai
303025,Chinese
18424204,North Indian
18424204,Chinese
18424204,Mughlai
18393700,Kashmiri
18430590,Cafe
18430590,Tea
18439524,North Indian
18439524,Mughlai
18417576,Bakery
18417576,Desserts
18440395,Fast Food
18423885,Ice Cream
18423885,Beverages
18423885,Fast Food
18421515,North Indian
18440171,North Indian
18359322,Fast Food
457,North Indian
457,Mughlai
457,Chinese
18398459,Pizza
18398459,Fast Food
18255715,North Indian
18255715,Mughlai
18255715,Chinese
18427249,Fast Food
18427249,Italian
18391164,Fast Food
18391164,Burger
18472655,North Indian
18472655,Continental
18279437,Fast Food
18279437,Chinese
18204489,Chinese
18275704,Continental
18275704,Mexican
18275704,Italian
18332077,Cafe
18332077,Fast Food
18458632,Healthy Food
18391158,Italian
18391158,Fast Food
18303845,North Indian
18303845,Chinese
18303845,Mughlai
18352262,Fast Food
18352262,North Indian
18427229,Fast Food
18427229,Chinese
18345747,Cafe
18345747,Fast Food
18368024,Desserts
18368024,Beverages
18472419,North Indian
18472419,Biryani
18284048,Chinese
18438321,Continental
18438321,Fast Food
18438321,Italian
18319512,Bakery
309278,Fast Food
309278,Chinese
18419879,North Indian
18419879,Mughlai
9836,Fast Food
9836,Beverages
307407,Fast Food
307407,Chinese
305317,Cafe
18430593,Burger
18430593,Fast Food
18349929,Beverages
18408048,American
305222,Fast Food
305222,Burger
18356801,Ice Cream
18432198,Fast Food
18432025,Chinese
18265399,Ice Cream
18432194,North Indian
8385,Pizza
8385,Fast Food
309799,Bakery
309799,Desserts
309799,Fast Food
6800,North Indian
6800,Mughlai
6800,Chinese
18449659,North Indian
18449659,Mughlai
18438249,Chinese
18489509,North Indian
18489509,South Indian
18489509,Italian
18489509,Continental
18489509,Mediterranean
18489509,Lebanese
18489509,Desserts
18155147,North Indian
18388032,North Indian
18388032,Chinese
18388032,Fast Food
18478565,Chinese
18478565,North Indian
313410,North Indian
313410,Chinese
313410,Fast Food
311974,Ice Cream
5686,Raw Meats
5686,Fast Food
18396157,Biryani
18396157,North Indian
5681,Chinese
307424,North Indian
307424,Chinese
8084,Bakery
8084,Fast Food
18412870,Mughlai
18412870,Chinese
18412876,North Indian
18412876,Fast Food
306551,Raw Meats
306551,North Indian
306551,Fast Food
8095,North Indian
8095,Chinese
8095,Fast Food
8095,Mithai
308648,North Indian
308648,Chinese
308648,Fast Food
308648,Street Food
18352184,Beverages
17977758,Cafe
17977758,Continental
17977758,Fast Food
18370702,North Indian
18370702,Seafood
18370702,Bengali
18322612,North Indian
18322612,Mughlai
18412866,Pizza
18412866,Fast Food
18396425,Healthy Food
18287405,Fast Food
18287405,Beverages
18466390,Fast Food
18466390,Italian
18466390,North Indian
18466390,Chinese
18219556,Fast Food
18219556,Beverages
311332,Fast Food
311332,North Indian
18439546,South Indian
18441667,North Indian
18441667,Mughlai
18363088,Biryani
18454463,Cafe
18454463,North Indian
18454463,Chinese
18450749,North Indian
18381230,Continental
18381230,Mexican
18381230,Fast Food
18381230,Chinese
18332051,North Indian
18332051,Mughlai
18339370,Biryani
18439534,American
18439534,Italian
18439534,North Indian
18439534,Chinese
18432190,Pizza
18412897,Tea
18383529,Beverages
18383549,Beverages
18430878,North Indian
18430878,Chinese
18481312,North Indian
18481312,Mughlai
18478971,North Indian
18478971,Chinese
18439535,North Indian
18439535,Mughlai
307974,North Indian
307974,Chinese
18430884,North Indian
18460087,Fast Food
18460087,Street Food
1337,North Indian
1337,Chinese
311342,North Indian
311342,Chinese
18438435,Salad
18438435,Continental
18425976,Fast Food
18463984,Continental
18463984,Chinese
18370372,North Indian
18370372,Chinese
18370372,Fast Food
18433903,North Indian
18391172,North Indian
18391172,Chinese
310539,Fast Food
18383527,North Indian
18383527,Chinese
310695,Chinese
308763,North Indian
309135,North Indian
3740,Cafe
3740,Italian
3740,Chinese
3740,Continental
18400723,North Indian
18400723,Chinese
18400723,Fast Food
18383486,Chinese
18383486,Thai
18383486,Fast Food
18454484,North Indian
18454484,Chinese
18398614,Mughlai
18373560,North Indian
18373560,Mughlai
18373560,Chinese
18478972,Bakery
18478972,Fast Food
18381258,North Indian
18381258,South Indian
18420881,North Indian
18499456,North Indian
18499456,Mughlai
18433905,Chinese
18448608,Chinese
18448608,North Indian
18448608,Mughlai
18387305,North Indian
18387305,South Indian
18317511,North Indian
18317511,Chinese
18317511,Italian
18472676,Bakery
18472676,Desserts
18244257,North Indian
18244257,Chinese
18228857,North Indian
18228857,Mughlai
18456765,South Indian
18317512,Ice Cream
18432231,Ice Cream
18486776,Street Food
18432236,Chinese
18432236,North Indian
311706,Bakery
18410380,North Indian
18410380,Mughlai
18410380,Chinese
18426112,North Indian
18418205,Bakery
18352161,Bakery
18234101,Bakery
312313,Chinese
312313,Fast Food
18339329,North Indian
18339329,Chinese
304818,North Indian
304818,Mughlai
304818,Chinese
18303838,Bakery
310724,Bakery
310724,Fast Food
310753,Fast Food
18435295,Burger
18435295,Fast Food
18281160,North Indian
309155,Pizza
309155,Fast Food
18289230,Fast Food
18289230,Beverages
18277218,Bakery
18277218,Desserts
18133492,North Indian
18332086,North Indian
18332086,Mughlai
18419113,North Indian
18419113,South Indian
18419113,Chinese
18203626,Bakery
18203626,Desserts
312978,North Indian
18451091,Street Food
304727,Cafe
3679,Desserts
306023,North Indian
306023,Mughlai
18378765,North Indian
18378765,Healthy Food
18378765,Rajasthani
18014129,Fast Food
301081,North Indian
301081,Mughlai
301081,Chinese
2971,North Indian
2971,Chinese
302406,Chinese
18254253,North Indian
18254253,Chinese
18138435,Bakery
18138435,Mithai
5684,Raw Meats
5684,Fast Food
1745,South Indian
3707,American
3707,Fast Food
3707,Salad
3707,Healthy Food
18371395,Fast Food
18371395,Cafe
18371395,Italian
18371395,North Indian
18371395,Chinese
310766,Italian
310766,Continental
310766,North Indian
310766,Chinese
2939,Chinese
1919,Mithai
1919,Street Food
9313,Cafe
18470627,Biryani
18470627,Mughlai
18273432,Bakery
18273432,Desserts
18163927,North Indian
18163927,Mughlai
18163927,Chinese
18373828,North Indian
18252364,Raw Meats
18252364,Fast Food
18376068,Bakery
308725,North Indian
308725,Mughlai
308725,Chinese
385,Pizza
385,Fast Food
18432227,Mughlai
18432227,North Indian
308441,North Indian
308441,Chinese
2327,Italian
2327,Pizza
2327,Fast Food
313045,North Indian
313045,Chinese
309818,Chinese
309818,Thai
309818,Asian
311341,North Indian
311341,Chinese
18398605,Biryani
18398605,Mughlai
18383531,North Indian
18383531,Chinese
306167,Desserts
306167,Bakery
306167,Fast Food
308059,Bengali
308059,North Indian
18489511,Chinese
18388008,North Indian
18388008,Chinese
18388008,Fast Food
18255153,North Indian
18255153,Chinese
18255153,South Indian
313164,North Indian
313164,Chinese
18432195,North Indian
18432195,Biryani
18261811,Healthy Food
18261811,North Indian
18261811,Chinese
18261811,Continental
18377891,North Indian
18377891,Mughlai
18377891,Chinese
18377891,Fast Food
18273047,Chinese
18273047,Mughlai
18261720,North Indian
18261720,Mughlai
18261720,Chinese
18435293,North Indian
18435293,Mughlai
18435293,Chinese
18480748,American
18480748,Italian
18480216,North Indian
18478977,North Indian
18478977,Chinese
18478977,Mughlai
18500639,North Indian
18500639,Chinese
18357573,Bakery
18357573,Desserts
18435297,North Indian
18435297,Chinese
18322688,North Indian
18383521,North Indian
18383521,Chinese
18337906,Awadhi
18337906,North Indian
18351422,North Indian
18351422,Fast Food
18351422,Chinese
18353796,Lucknowi
18495875,Tibetan
18495875,Street Food
18480321,Mexican
18480321,Italian
18332475,Chinese
18332475,North Indian
18439522,Cafe
18439522,Mexican
18481291,North Indian
18481291,Chinese
1498,Italian
1498,Pizza
1498,Bakery
18258491,North Indian
304484,North Indian
18477658,North Indian
18477658,Chinese
18368602,North Indian
18435807,North Indian
18287399,North Indian
18287399,Mughlai
309873,North Indian
309873,Mughlai
309873,Chinese
309873,Raw Meats
310170,North Indian
310170,Chinese
310170,South Indian
310170,Mithai
8497,North Indian
8497,Chinese
8497,South Indian
8497,Mithai
312184,North Indian
312184,Mughlai
312184,Chinese
18082207,Continental
18082207,Fast Food
18082207,Asian
18082207,Italian
18144457,Chinese
18346998,Bakery
18346998,Desserts
18435308,North Indian
18435308,Chinese
18291227,North Indian
18435795,Chinese
18383031,Bakery
304750,Mithai
18435790,Cafe
18244407,North Indian
18428215,North Indian
18382356,North Indian
18382356,Mughlai
18382356,Chinese
307841,Bakery
18157407,North Indian
18157407,Chinese
8068,Chinese
18435313,Chinese
18249124,Chinese
302502,North Indian
302502,Chinese
302502,Mughlai
313329,Bakery
313329,Desserts
18126119,North Indian
18435805,South Indian
18409196,Fast Food
18409196,North Indian
501,Cafe
510,Cafe
18418274,Continental
18418274,American
5746,Chinese
5746,North Indian
18215963,North Indian
18215963,Chinese
18432232,North Indian
304487,Mithai
304487,Street Food
18433909,North Indian
18433909,Chinese
8096,North Indian
8096,Chinese
18459896,Fast Food
5702,North Indian
304502,North Indian
18432196,North Indian
18414468,North Indian
18414468,Chinese
18414468,Fast Food
8090,North Indian
8090,Chinese
8092,North Indian
8092,South Indian
8092,Chinese
18391140,Fast Food
312935,North Indian
312935,Mughlai
312935,Chinese
18313786,Bakery
18313786,Desserts
18313786,Fast Food
18432223,Chinese
18432223,North Indian
8077,South Indian
8089,Chinese
8089,North Indian
8089,Fast Food
18368771,North Indian
18481296,North Indian
18481296,Chinese
18128894,Bakery
18128894,Desserts
18451823,North Indian
18469955,Cafe
18466392,North Indian
18466392,South Indian
18466392,Chinese
310755,Chinese
312186,Bakery
4469,North Indian
4469,Chinese
4469,Continental
18423860,North Indian
18423860,Chinese
307335,Bakery
5698,Cafe
8130,Cafe
311533,North Indian
311533,South Indian
311533,Fast Food
18268502,Bakery
18268502,Desserts
18285723,Cafe
308751,Chinese
18273567,Biryani
18273567,Mughlai
3753,North Indian
3753,Mughlai
3753,Chinese
18258503,Continental
18258503,Italian
1844,Pizza
1844,Fast Food
313305,Bakery
18281981,North Indian
18281981,South Indian
18281981,Chinese
18281981,Fast Food
308718,Bakery
308718,Desserts
308718,Fast Food
18423098,Fast Food
18423098,Beverages
18435329,Bakery
18367978,Healthy Food
5777,Chinese
18396437,South Indian
18396437,North Indian
18396437,Chinese
18224549,North Indian
18224549,Chinese
8138,Chinese
18281973,North Indian
18281973,Chinese
18281973,South Indian
18281973,Mithai
18391059,North Indian
313049,North Indian
313250,Chinese
313358,North Indian
313358,Chinese
313358,Cafe
18358191,North Indian
18358191,Chinese
18358191,Fast Food
5696,Italian
5696,Pizza
18252359,North Indian
18252359,Chinese
4483,Raw Meats
4483,Fast Food
5776,North Indian
5776,Street Food
8767,South Indian
311622,Fast Food
311622,North Indian
311622,Chinese
308758,American
308758,Fast Food
308758,Salad
308758,Healthy Food
303996,North Indian
303996,Chinese
303996,Continental
18128867,Cafe
18160567,Fast Food
18160567,North Indian
18128892,Chinese
18128892,North Indian
18380262,Fast Food
18380262,Beverages
307703,Cafe
307703,Tea
302308,Fast Food
3939,Fast Food
311656,Chinese
311656,Thai
304441,Street Food
304441,Mithai
18344518,Biryani
304439,Chinese
18312485,Cafe
312188,Fast Food
18424577,Chinese
312192,Chinese
18424631,Chinese
18474221,Bakery
18474221,Fast Food
18268694,North Indian
18268694,Chinese
18381667,Chinese
18381667,North Indian
18424598,Raw Meats
18424598,North Indian
18424598,Fast Food
18423900,Cafe
18347548,North Indian
18347548,Chinese
18347548,South Indian
18281813,North Indian
18281813,Mughlai
18281813,Chinese
18423896,Bakery
18423139,Chinese
308717,Chinese
310775,Chinese
18274402,North Indian
18274402,Chinese
18382349,North Indian
18382349,Chinese
18423877,Mughlai
18424206,North Indian
18424195,North Indian
310770,South Indian
18424588,North Indian
18356798,North Indian
304480,North Indian
304480,Chinese
304480,Mughlai
304480,Fast Food
4758,North Indian
4758,South Indian
4758,Chinese
4758,Street Food
4758,Fast Food
4758,Mithai
7909,American
7909,Fast Food
7909,Salad
7909,Healthy Food
18391137,North Indian
18391137,Mughlai
18391137,Chinese
312428,North Indian
312428,Chinese
312428,South Indian
18448390,Fast Food
18448390,Beverages
18462716,Biryani
18492089,Fast Food
18424868,North Indian
18415381,North Indian
18492086,North Indian
18378580,North Indian
18378580,Biryani
18460908,North Indian
18460908,South Indian
18460908,Chinese
18409211,Fast Food
18409211,North Indian
18478895,North Indian
18478895,Chinese
18478895,Italian
18478895,Thai
18258764,South Indian
18258764,Chinese
18382564,North Indian
18378040,North Indian
18378040,Mughlai
18378040,Chinese
18382348,North Indian
18216323,North Indian
18216323,Chinese
312240,Bakery
18224558,North Indian
18224558,Fast Food
6170,North Indian
6170,Mughlai
18478533,Bakery
18439012,North Indian
18439012,Chinese
18421059,North Indian
18490967,Chinese
18490967,North Indian
18491387,North Indian
18388148,North Indian
313103,Bakery
18439544,North Indian
18439541,Mithai
18439541,North Indian
18439541,Chinese
18335834,North Indian
18335834,Chinese
18383468,Fast Food
18383468,Italian
18383468,Desserts
18383468,Beverages
18351053,Desserts
18411585,North Indian
18411585,Chinese
18382362,North Indian
18163938,North Indian
18163938,South Indian
18163938,Chinese
18163938,Mithai
312316,North Indian
312316,Chinese
18424201,North Indian
18424201,Chinese
18424201,South Indian
18429391,Beverages
18126089,North Indian
18126089,Chinese
18337921,North Indian
18462972,North Indian
18462972,Mughlai
18462972,Chinese
18014154,North Indian
18014154,Chinese
18014154,South Indian
18014154,Mithai
18383462,Street Food
18383462,North Indian
18435296,Kashmiri
18435296,Chinese
18416867,North Indian
18416867,Mughlai
18416867,Chinese
18383535,Bakery
18418649,Fast Food
18418649,North Indian
18313143,Chinese
18313143,Fast Food
18332053,North Indian
18332053,Mughlai
18365588,Cafe
18365588,Continental
18365588,Italian
18423131,North Indian
18423131,Mughlai
18423131,Chinese
18418250,North Indian
18418250,Mughlai
18418250,Chinese
18439523,North Indian
18439523,South Indian
18439523,Chinese
18471723,Bakery
18471723,North Indian
18430582,Bakery
18430582,Desserts
18451827,Italian
18451827,Continental
18451827,American
18439527,Bakery
18439527,Fast Food
18313605,Bakery
18372662,Chinese
18372662,North Indian
18435336,Mithai
18435336,Fast Food
18418232,Fast Food
18433873,North Indian
18433873,Mughlai
18433873,Chinese
18383464,Bakery
18383464,Fast Food
18354978,Pizza
18354978,Fast Food
18469970,Cafe
18469970,Desserts
18441651,Chinese
18415977,Raw Meats
18415977,North Indian
18415977,Fast Food
18439532,Chinese
18435288,Raw Meats
18435288,North Indian
18435288,Fast Food
18383483,Mughlai
18383483,North Indian
18383483,Chinese
18442657,Lucknowi
18442657,Mughlai
18442657,North Indian
18435824,North Indian
18456271,Desserts
18394367,North Indian
18439529,Mughlai
18439529,North Indian
18435797,North Indian
18435797,Chinese
18435797,Fast Food
18435321,Raw Meats
18435321,Fast Food
18494319,Biryani
18383458,Street Food
18352676,North Indian
18352676,Chinese
18468948,North Indian
18468948,South Indian
18468948,Street Food
18499472,North Indian
18396341,Fast Food
18396341,North Indian
18396341,South Indian
18431190,North Indian
18431976,Fast Food
18466993,Fast Food
18472450,North Indian
18472450,Chinese
18472450,Kashmiri
18383503,Mithai
18383503,North Indian
311334,North Indian
311334,Mughlai
311334,Chinese
18308083,Bakery
310240,Ice Cream
18206836,North Indian
18376500,North Indian
18376500,Mughlai
308877,Chinese
311768,Mithai
311768,Beverages
18423127,Chinese
18423127,Fast Food
300550,North Indian
300550,Mughlai
18337891,Chinese
18337891,Fast Food
9724,North Indian
9724,Mughlai
9724,Chinese
312558,Bakery
312558,Desserts
312777,North Indian
312777,Mughlai
1495,North Indian
1495,Mughlai
1495,Chinese
18258469,Bakery
18258469,Fast Food
18440423,Ice Cream
18385532,Bakery
18349808,Burger
18349808,Fast Food
18440409,Mithai
18440409,Bakery
18271099,Street Food
311701,Bakery
302925,South Indian
18385889,Bakery
18385889,Desserts
18371420,Fast Food
18371420,North Indian
18371420,Chinese
308737,Ice Cream
309693,North Indian
309693,Mughlai
312241,Fast Food
390,Italian
390,Pizza
390,Fast Food
447,North Indian
4482,American
4482,Fast Food
4482,Salad
4482,Healthy Food
550,North Indian
550,South Indian
550,Chinese
550,Street Food
550,Fast Food
550,Mithai
550,Desserts
303152,North Indian
303152,Chinese
303152,Mediterranean
303152,Asian
303152,Continental
18486858,Chinese
18499455,North Indian
18466970,Ice Cream
18431193,North Indian
18431193,Mughlai
18258397,North Indian
18258397,South Indian
18258397,Bakery
18258397,Beverages
18431981,Chinese
3212,European
3212,North Indian
3212,Chinese
8012,Pizza
8012,Fast Food
312187,North Indian
312187,Chinese
523,Cafe
2480,Juices
2480,Beverages
2480,Fast Food
1733,North Indian
1733,Chinese
307145,North Indian
307145,Mughlai
307145,Chinese
1727,Chinese
1727,Asian
828,North Indian
828,Mughlai
393,Italian
393,Pizza
393,Fast Food
1722,North Indian
1722,Mughlai
1722,Chinese
2483,North Indian
2483,Mughlai
1726,Mughlai
1726,North Indian
304934,North Indian
304934,Chinese
305961,Biryani
305961,Mughlai
308578,Bakery
308578,Desserts
308578,Fast Food
308578,North Indian
308750,Ice Cream
309971,Fast Food
309971,Pizza
386,Pizza
386,Fast Food
428,South Indian
428,North Indian
428,Chinese
18070483,American
18070483,Fast Food
18070483,Salad
18070483,Healthy Food
7869,Cafe
5610,North Indian
5610,Street Food
5610,South Indian
5610,Fast Food
5610,Chinese
304103,Cafe
5598,Cafe
18233617,Cafe
18233617,Tea
300955,North Indian
300955,Rajasthani
18017237,Ice Cream
18017237,Beverages
18017237,Fast Food
5619,Pizza
5619,Fast Food
2191,Desserts
2191,Ice Cream
307447,North Indian
307447,Mughlai
7932,Fast Food
7932,Burger
1226,North Indian
1226,Mughlai
8888,Italian
4530,Cafe
18400768,Ice Cream
409,Chinese
7939,Ice Cream
18133480,Burger
18133480,Fast Food
791,Cafe
486,Chinese
486,Thai
18208913,Fast Food
3251,Chinese
308774,Mughlai
308774,North Indian
394,Italian
394,Pizza
394,Fast Food
302421,South Indian
302421,North Indian
302421,Chinese
1244,American
1244,Tex-Mex
5689,North Indian
5689,Rajasthani
18431152,Fast Food
18439721,Italian
18439721,Chinese
18431158,Desserts
18430892,Desserts
18430892,Ice Cream
18430870,Cafe
18428504,Continental
18428504,Lebanese
18428504,Mexican
2979,Chinese
2979,North Indian
2979,South Indian
2979,Fast Food
3237,North Indian
3237,Continental
3237,Chinese
2025,North Indian
2025,Mughlai
3149,North Indian
3149,Chinese
18255134,North Indian
18255134,Chinese
18277023,Fast Food
18313203,Fast Food
18254559,North Indian
18254559,Chinese
18255132,Raw Meats
18255132,Fast Food
120519,North Indian
120519,Middle Eastern
120519,Pizza
4000344,American
4000344,Chinese
4000344,North Indian
4000344,Italian
4000016,South Indian
4000016,Fast Food
4000277,Chinese
18369321,North Indian
18369321,Chinese
4000033,North Indian
4000033,Chinese
4000033,Continental
18279982,Continental
18279982,Cafe
18279982,Italian
18279982,Pizza
18279982,North Indian
18279982,Chinese
18279982,Bakery
18279982,Mughlai
4000004,Fast Food
4000269,Fast Food
4000027,Biryani
4000027,Mughlai
4000081,North Indian
4000081,Continental
4000081,Chinese
4000081,South Indian
4000069,North Indian
4000069,Mughlai
4000069,Chinese
4000294,Chinese
4000294,North Indian
4000294,Mughlai
4000001,North Indian
4000001,Chinese
4000030,North Indian
4000030,South Indian
4000030,Fast Food
4000018,North Indian
4000018,Chinese
4000018,Finger Food
4000222,North Indian
4000222,Fast Food
4000031,North Indian
4000031,Chinese
4000031,Continental
4000031,Italian
4000015,North Indian
4000015,Chinese
4000007,North Indian
4000007,South Indian
4000007,Chinese
18343124,North Indian
18343124,Chinese
3700010,Bakery
3700009,Pizza
3700009,Italian
18427467,Desserts
18427467,Beverages
18427467,Juices
3700024,French
3700024,Continental
3700024,North Indian
3700056,Cafe
3700056,Continental
3700408,Pizza
3700408,Italian
3700017,Italian
3700050,Bakery
3700050,French
3700041,Desserts
3700387,Chinese
3700387,Thai
3700387,Malaysian
3700387,Vietnamese
3700387,Korean
3700387,Indonesian
3700387,Asian
3700036,North Indian
3700036,Seafood
3700036,South Indian
3700036,Italian
3700049,Continental
3700069,Cafe
3700160,Continental
3700160,North Indian
3700160,Finger Food
18378803,North Indian
3700051,Cafe
3700037,North Indian
3700037,French
3700037,Continental
3700019,Goan
3700019,Mangalorean
3700019,Continental
3700019,French
3700021,Cafe
3700561,Desserts
6508323,North Indian
6508323,Asian
18383095,North Indian
18383095,Continental
18383095,Finger Food
18378852,Continental
18378852,North Indian
18378852,Mughlai
18378852,Burmese
13231,European
13231,Desserts
18354483,Modern Indian
18383076,North Indian
18383076,North Eastern
18383076,Continental
6505309,Finger Food
6505309,Italian
6505309,Spanish
6505309,Greek
6504409,Continental
6504409,North Indian
6504409,Mughlai
6504409,Burmese
18350020,Charcoal Grill
18350020,Italian
18350020,North Indian
18350020,European
18350020,Indonesian
18350020,Thai
6508117,Cafe
6508117,Italian
6508117,Continental
18417624,European
18417624,Asian
18417624,Mediterranean
18417624,Modern Indian
18417624,Desserts
18417624,Finger Food
6505564,Italian
6505564,German
6505564,Continental
11371,Mexican
11371,American
11371,Tex-Mex
11807,North Indian
11807,Mughlai
18292672,North Indian
18292672,Chinese
18292672,Continental
6507461,Continental
6507461,North Indian
6507461,Italian
6507967,Italian
6507967,Continental
6507967,Cafe
6506206,North Indian
6506206,Mediterranean
6506206,Chinese
6507495,Finger Food
18441490,North Indian
2700001,North Indian
2700001,Chinese
2700223,North Indian
2700223,Continental
2700223,Chinese
2700263,European
2700263,North Indian
2700263,Continental
2700263,Italian
2700024,Fast Food
2700024,North Indian
2700010,Chinese
2700007,North Indian
2700007,Chinese
2700007,South Indian
2700019,Continental
2700019,North Indian
2700019,European
2700002,North Indian
2700002,Chinese
2700008,North Indian
2700008,South Indian
2700008,Chinese
2700044,Fast Food
2700059,Street Food
2700242,North Indian
2700242,Chinese
2700085,North Indian
2700085,Chinese
2700085,South Indian
2700241,Cafe
2700241,Italian
2700241,Mexican
2700241,Chinese
2700241,North Indian
18388053,North Indian
18388053,South Indian
18388053,Chinese
2700011,South Indian
2700011,North Indian
2700011,Chinese
2700082,Cafe
2700082,Fast Food
2700082,North Indian
2700032,North Indian
2700032,Continental
2700049,Pizza
2700036,North Indian
2700036,South Indian
2700036,Chinese
96814,North Indian
96814,Chinese
90499,Cafe
90499,Continental
3800319,Chinese
3800319,North Indian
3800319,Italian
3800319,Mexican
3800021,Chinese
3800021,Thai
3800021,Asian
18396610,South Indian
3800053,North Indian
3800053,Chinese
3800053,Thai
3800053,Mexican
3800053,Italian
3800052,Chinese
3800078,South Indian
3800022,Cafe
3800022,Continental
3800238,Lebanese
3800238,Italian
3800003,Italian
3800003,North Indian
3800003,Desserts
3800003,Continental
3800020,Chinese
3800020,Thai
3800020,Asian
3800000,Italian
3800000,Mexican
3800000,Mediterranean
3800002,Gujarati
18362165,Cafe
18362165,Desserts
3800252,North Indian
3800252,Italian
3800018,Pizza
3800016,Italian
3800016,Continental
3800016,Chinese
3800016,Mexican
18439181,Modern Indian
3800477,Ice Cream
3800477,Desserts
18367402,Italian
18367402,Lebanese
18367402,Mexican
3800437,North Indian
3800437,Italian
3800437,Mexican
3800437,Asian
3200090,South Indian
3200440,North Indian
3200440,Chinese
18295781,Cafe
18295781,Mexican
18295781,Italian
18295781,Fast Food
3200265,Cafe
3200265,Fast Food
3200012,Mughlai
3200012,North Indian
3200005,Italian
18275708,North Indian
18275708,Continental
18275708,Italian
18275708,Asian
3200021,Italian
3200021,Mexican
3200021,Continental
3200584,Thai
3200584,Chinese
3200584,Asian
3200015,Gujarati
3200032,Continental
3200032,Chinese
3200032,Mexican
3200032,North Indian
3200002,North Indian
3200311,Mediterranean
3200311,Italian
3200497,North Indian
3200497,Thai
3200497,Italian
3200497,Chinese
3200497,Mexican
3200560,Fast Food
3200269,North Indian
3200269,Mughlai
3200590,Cafe
3200537,Cafe
3200024,Pizza
3200024,Italian
3200034,North Indian
3200034,Mughlai
3200034,Mexican
3200034,Thai
3900021,Cafe
3900059,Pizza
3900059,Chinese
3900158,Chinese
3900158,North Indian
3900007,Beverages
3900232,South Indian
3900250,North Indian
3900245,Street Food
3900004,South Indian
3900032,Street Food
3900058,North Indian
3900070,North Indian
3900070,Cafe
3900057,Chinese
3900067,North Indian
3900067,Fast Food
3900050,North Indian
3900050,Mughlai
3900009,Cafe
3900009,North Indian
3900009,Continental
3900010,North Indian
3900010,Mughlai
3900055,Japanese
3900055,American
3900055,North Indian
3900055,Fast Food
18346996,Cafe
18346996,North Indian
18346996,Chinese
18246202,Chinese
18246202,North Indian
3900238,Chinese
3900238,North Indian
2800013,Pizza
2800013,Fast Food
2800012,Pizza
2800012,Fast Food
2800294,South Indian
2800294,North Indian
2800903,Chinese
2800903,Thai
2800903,Burmese
2800903,Vietnamese
2800903,Tibetan
2800903,Japanese
2800052,Continental
2800052,North Indian
2800095,North Indian
2800095,Biryani
2800856,North Indian
2800856,Chinese
2800856,Mediterranean
2800911,Cafe
2800911,Fast Food
2800911,American
2800757,Fast Food
2800096,Andhra
2800096,North Indian
2800096,Chinese
2800096,Seafood
2800096,Biryani
2800083,Andhra
2800083,North Indian
2800083,Chinese
18306045,Mughlai
18306045,Chinese
18306045,Cafe
18306045,BBQ
18306045,Cajun
2800897,Fast Food
18285610,South Indian
18285610,Chinese
18285610,Continental
18285610,Italian
18285610,North Indian
2800128,Biryani
2800128,Andhra
2800100,Continental
2800100,Seafood
2800100,Chinese
2800100,North Indian
2800100,Biryani
2800418,Cafe
2800418,North Indian
2800418,Chinese
2800881,Burger
2800881,Pizza
2800881,Biryani
2800042,American
2800042,North Indian
2800042,Thai
2800042,Continental
2800019,Italian
18400530,Cafe
18400530,Coffee and Tea
18400530,Western
7423620,Cafe
7423620,Desserts
7423620,Beverages
7423482,Peranakan
7423482,Indonesian
7422633,Sunda
7422633,Indonesian
7405789,Cafe
7405789,Italian
7405789,Coffee and Tea
7405789,Western
7405789,Indonesian
18425821,Korean
7422751,Desserts
7422751,Bakery
7422751,Western
7402935,Italian
7402935,Continental
7410290,Asian
7410290,Indonesian
7410290,Western
18391256,Western
18391256,Asian
18391256,Cafe
7400818,Japanese
7400818,Sushi
7400818,Ramen
7420899,Sushi
7420899,Japanese
18352452,Cafe
18352452,Western
7421967,Japanese
18370659,Burger
7417455,Sunda
7417455,Indonesian
18409146,Seafood
18409146,Western
18408381,Seafood
18408381,Western
7422489,French
7422489,Western
18386856,Indonesian
7417450,Sunda
7417450,Indonesian
18251260,Thai
7000162,Ice Cream
7000162,Desserts
7001086,Desserts
7003855,American
7000095,Seafood
7000095,Kiwi
7003663,Cafe
7003663,American
18217279,Desserts
7005582,Cafe
18419011,Asian Fusion
18419011,Cafe
7001208,European
7005979,Taiwanese
7005979,Street Food
7000992,Chinese
7001660,Cafe
7001660,European
7006107,Kiwi
7006107,European
18383350,Asian Fusion
18383350,Pub Food
18383350,Fusion
18383350,Asian
18383350,Filipino
18383350,Malaysian
18383350,Thai
18450836,Cafe
7006871,Asian
7006871,Sushi
7006871,Seafood
7006421,Malaysian
7001670,European
7003682,Italian
7100468,Cafe
7100468,Kiwi
7101378,American
7101011,Fast Food
7100171,Italian
7101042,Cafe
7101483,American
7100478,Cafe
7100660,Asian
7100151,Cafe
7100151,Kiwi
7100151,Ice Cream
7100151,Desserts
7100502,Cafe
7100502,European
7100502,Mexican
7100072,Vietnamese
7100072,Fish and Chips
7100811,Italian
7100811,Cafe
7100119,French
7100119,Kiwi
7100087,Malaysian
7101310,European
7101310,Cafe
7100535,Cafe
7101000,Mediterranean
7101000,Cafe
7101000,European
7100938,Japanese
7100938,Asian
7101081,European
7100788,Seafood
7100788,Kiwi
6900714,Fast Food
6900883,Cafe
6900883,British
6900374,British
6900374,Steak
6900224,Thai
6900160,Burger
6900160,American
6900050,Italian
6900724,Latin American
6901081,Italian
6900674,Contemporary
6901062,British
6901062,Cafe
6900669,Latin American
6900669,Italian
6900811,Turkish
6901051,British
6900388,Indian
18273002,Greek
18273002,Mediterranean
18273002,Middle Eastern
6901231,Indian
6901231,Pakistani
6901394,Ice Cream
6901394,Desserts
6901394,Cafe
6900843,Indian
6900843,South Indian
6900992,Pakistani
6900992,Indian
6900069,Mexican
7600803,Cafe
7600803,Bakery
7600217,Italian
7600902,Cafe
7600902,Bakery
7600902,Desserts
7601577,Scottish
7601577,Cafe
7601241,British
7601241,French
7602204,Mexican
7601102,Thai
7600062,American
7602340,Burger
7602340,Grill
7601106,Indian
7601106,Cafe
7602219,Sushi
7602219,Japanese
7602219,Cantonese
7602224,Pizza
7602224,Italian
7600471,Cafe
7600118,American
7600097,Bakery
7600097,Cafe
7600188,Indian
7600914,British
7600914,Scottish
7600914,Seafood
7601024,Thai
7601024,Asian
7601177,Indian
7601177,Street Food
7600921,Steak
7600921,Scottish
7600921,British
6118140,Indian
6118140,Pakistani
6118140,Curry
6103683,Italian
6114338,Steak
6114829,British
6103922,Indian
6103922,Cafe
6103922,Curry
6103902,Chinese
6103902,Dim Sum
6103255,Japanese
6103255,Sushi
6113680,French
6113857,British
6113857,Contemporary
6100054,Indian
6100054,Curry
6102615,American
6102615,Burger
6127163,Taiwanese
6127163,Street Food
6117406,American
6117406,Burger
6102866,Chinese
6102866,Dim Sum
6103868,Japanese
6103868,Sushi
6104220,Indian
6104220,Street Food
6117859,American
6117859,Burger
6103211,Indian
6103211,North Indian
6103211,Curry
6103211,Cafe
6101881,Italian
6113973,Ramen
6113973,Japanese
6800280,American
6800280,Fast Food
6800280,Desserts
6800280,Steak
6800443,Pizza
6800443,Fast Food
6801867,British
6800235,Steak
6800235,Seafood
6800235,Grill
6801051,Pakistani
6801051,Indian
6801051,Afghani
6801051,Curry
6800577,Italian
6800569,Thai
6801374,American
6801374,Burger
6801374,Grill
6801963,Burger
6801963,American
6801329,British
6801329,Burger
6801329,Cafe
6801395,British
6801395,Contemporary
6800538,Fast Food
6800538,American
6800593,Indian
6800593,Seafood
6800908,Indian
6800908,Curry
6800678,Indian
6800678,Grill
6800892,Argentine
6800892,American
6800263,Indian
6801039,Italian
6801873,European
6801873,Mediterranean
6801873,Contemporary
6800782,French
18426586,Indian
18426586,Street Food
6201976,Indian
18107765,Indian
6201309,Kerala
6201309,Indian
6201309,Chinese
6201309,Bakery
6201312,Pakistani
6200110,North Indian
6200110,Chinese
6200110,Turkish
6200383,American
6200383,Tex-Mex
6202039,Chinese
6201336,Steak
6202515,Indian
17957917,Seafood
17957917,American
6201431,International
18425995,Steak
18425995,American
17957911,Pakistani
18295472,Indian
6201972,European
6201972,Arabian
6201972,Japanese
6201972,Bakery
6201972,Desserts
6201130,International
18261203,Thai
6201360,Italian
18318801,Indian
18395463,Pizza
18395463,Grill
18337845,Cafe
18337845,Patisserie
6401732,Spanish
6401732,Tapas
6401060,Cafe
6401060,Bakery
6400421,Cafe
6402177,Japanese
6402177,Sushi
6402177,Asian
6401198,Cafe
6401198,Bakery
6401198,Tea
6401198,Vegetarian
6401054,Mediterranean
6403291,Burger
6403291,American
6403499,Sushi
6400191,Seafood
6400191,Asian
6400191,Grill
6400191,Sushi
6404082,Burger
6404082,Fast Food
6404082,Grill
6401485,Desserts
6401485,Ice Cream
6400621,Japanese
6400621,Asian
6400621,Seafood
6400621,Sushi
6403544,Cafe
6403544,Burger
6403452,Cafe
6403452,Patisserie
6403452,Bakery
6403452,Desserts
6402163,Seafood
6402163,African
6402163,Sushi
6401789,Cafe
6401789,Mediterranean
6400235,Burger
6400235,American
6400235,Grill
6400217,Seafood
6400217,Japanese
6400217,Sushi
6501534,European
6501534,Contemporary
18339373,Tapas
6517396,Asian
6517396,Sushi
6517396,Tapas
6502688,European
6502688,Pizza
6515130,Burger
6515130,Finger Food
6515130,Pizza
6502341,American
6502341,Burger
6516766,American
18370704,Continental
18370704,South African
18370704,Beverages
18370704,Desserts
18370704,Seafood
18370704,Grill
18370704,Ice Cream
18370704,International
75027,African
18199767,Burger
18199767,Steak
18199767,Seafood
75031,Indian
75728,Cafe
75728,Burger
75728,Tapas
75728,South African
75728,European
75728,Grill
18445944,Healthy Food
18445944,Seafood
18445944,Beverages
18445944,Belgian
18445944,Contemporary
18445944,Desserts
18445944,Finger Food
18445944,International
18199742,Mexican
18238595,Burger
18238595,American
18238595,Beverages
75609,Street Food
75609,Burger
75609,American
75609,Finger Food
75609,German
18318846,Indian
18318846,Asian
18318846,Durban
18318846,International
18318846,Desserts
75380,Continental
18376948,Cafe
18376948,Italian
18376948,Pizza
18376948,European
18376948,Bakery
18376948,Deli
75104,Contemporary
75104,Sushi
75104,Grill
75104,Italian
75104,Steak
75026,Cafe
75026,Grill
75576,European
75576,South African
75576,Steak
75764,Italian
75764,Mediterranean
75764,Sushi
75764,Desserts
75132,Continental
75132,Seafood
75132,Burger
75132,South African
75132,Finger Food
75132,Grill
18289339,Cafe
18289339,Tapas
18289339,South African
18289339,Beverages
18289339,Healthy Food
18289339,Desserts
18289339,Spanish
75683,Street Food
75683,Continental
75683,Burger
75683,Grill
18136493,Grill
18136493,Burger
75989,French
6502134,Cafe
18204217,Contemporary
18204217,Italian
6502852,Contemporary
6502852,Burger
6502852,European
6515339,Italian
6515339,Pizza
6515339,Beverages
6515339,Desserts
6515339,Grill
6515339,Seafood
6502883,Mexican
6517568,Italian
6516831,Grill
6516831,Steak
6516831,Burger
6516831,Sushi
6516831,Tapas
6501141,European
6501141,South African
6516432,Mexican
6517404,Steak
6515135,Mediterranean
6502857,Italian
6502857,Pizza
5800557,Chinese
5800634,North Indian
5800634,Chinese
5800634,Sri Lankan
5800567,Italian
5800567,Cafe
5800567,Desserts
5800891,Cafe
5800891,Italian
5800590,Cafe
5800590,Sri Lankan
5800590,Continental
5800590,American
5800755,Sri Lankan
5800515,Malaysian
5800515,North Indian
5800515,Sri Lankan
5800746,American
5800746,Steak
5800718,Juices
5800718,Desserts
5800758,Cafe
5800758,Fast Food
5800758,Beverages
5800156,American
5800156,Chinese
5800156,North Indian
5801078,Middle Eastern
5801078,Arabian
5801970,Desserts
5801970,Bakery
5800144,Desserts
5800144,Ice Cream
5800316,Continental
5800316,American
5800316,Seafood
5800710,Seafood
5800710,Italian
5800433,American
5800433,Fast Food
5800433,Steak
5800433,Beverages
5800176,Seafood
5801321,Continental
5801321,American
5800612,Fast Food
6001980,Cafe
6000168,Kebab
6000447,Kebab
6000447,Turkish Pizza
6004408,Cafe
6004408,Desserts
6003426,Patisserie
6003426,Coffee and Tea
6000549,Kebab
6000871,Kebab
6000871,Izgara
6004011,World Cuisine
6000409,World Cuisine
6000409,Mexican
6000409,Italian
6000019,Steak
6001537,Kebab
6001537,Turkish Pizza
6003668,Cafe
6001748,Kebab
6001748,Turkish Pizza
6001757,Kebab
6001757,Turkish Pizza
6001757,Dí_ner
6000747,Cafe
6002025,Kebab
6002025,Turkish Pizza
6003879,Turkish Pizza
6004089,Kebab
6004089,Desserts
6004089,Turkish Pizza
6000921,Kebab
6000921,Desserts
6000921,Turkish Pizza
6004813,Pizza
5904116,Desserts
5901782,Cafe
5902117,Restaurant Cafe
5902117,Desserts
5927248,Bar Food
5905215,Restaurant Cafe
5905215,Turkish
5905215,Desserts
5926979,Restaurant Cafe
5916085,Cafe
5915547,Desserts
5915547,Bí_rek
5915054,Burger
5915054,Izgara
5915730,Turkish
5908749,World Cuisine
5908749,Patisserie
5908749,Cafe
5915807,Italian
5915807,World Cuisine
5916112,Restaurant Cafe
5927402,Cafe
